tool	sample	Weighted UniFrac error	Unweighted UniFrac error	L1 norm error	Completeness	Purity	F1 score	True positives	False positives	False negatives	Taxon counts	Jaccard index	Shannon diversity	Shannon equitability	Bray-Curtis distance
kssd	sample_0	1.5558359999999984	145.00001899999995	0.0	1.0	1.0	1.0	1.0	0.0	0.0	1.0	1.0	0.0	0.0	0.0
kssd	sample_33	1.6317410000000012	150.00001699999996	0.0	1.0	1.0	1.0	1.0	0.0	0.0	1.0	1.0	0.0	0.0	0.0
kssd	sample_34	1.5358519999999976	152.00001599999996	0.0	1.0	1.0	1.0	1.0	0.0	0.0	1.0	1.0	0.0	0.0	0.0
kssd	sample_35	1.6453460000000018	146.00001599999996	0.0	1.0	1.0	1.0	1.0	0.0	0.0	1.0	1.0	0.0	0.0	0.0
kssd	sample_36	1.5369639999999993	140.00001599999996	0.0	1.0	1.0	1.0	1.0	0.0	0.0	1.0	1.0	0.0	0.0	0.0
kssd	sample_37	1.552992000000002	142.00001699999996	0.0	1.0	1.0	1.0	1.0	0.0	0.0	1.0	1.0	0.0	0.0	0.0
kssd	sample_38	1.5260179999999992	153.00000599999998	0.0	1.0	1.0	1.0	1.0	0.0	0.0	1.0	1.0	0.0	0.0	0.0
kssd	sample_39	1.5816219999999983	139.00002599999993	0.0	1.0	1.0	1.0	1.0	0.0	0.0	1.0	1.0	0.0	0.0	0.0
kssd	sample_4	1.6978449999999996	149.00002199999994	0.0	1.0	1.0	1.0	1.0	0.0	0.0	1.0	1.0	0.0	0.0	0.0
kssd	sample_40	1.504789	115.00000299999998	0.0	1.0	1.0	1.0	1.0	0.0	0.0	1.0	1.0	0.0	0.0	0.0
kssd	sample_41	1.6262860000000008	132.00000799999998	0.0	1.0	1.0	1.0	1.0	0.0	0.0	1.0	1.0	0.0	0.0	0.0
kssd	sample_42	1.630255000000001	162.00001699999996	0.0	1.0	1.0	1.0	1.0	0.0	0.0	1.0	1.0	0.0	0.0	0.0
kssd	sample_43	1.5223200000000026	159.00001099999997	0.0	1.0	1.0	1.0	1.0	0.0	0.0	1.0	1.0	0.0	0.0	0.0
kssd	sample_44	1.5264779999999996	151.00001399999996	0.0	1.0	1.0	1.0	1.0	0.0	0.0	1.0	1.0	0.0	0.0	0.0
kssd	sample_45	1.5504910000000014	140.0	0.0	1.0	1.0	1.0	1.0	0.0	0.0	1.0	1.0	0.0	0.0	0.0
kssd	sample_46	1.594365	147.00001499999996	0.0	1.0	1.0	1.0	1.0	0.0	0.0	1.0	1.0	0.0	0.0	0.0
kssd	sample_47	1.6754139999999984	144.00000799999998	0.0	1.0	1.0	1.0	1.0	0.0	0.0	1.0	1.0	0.0	0.0	0.0
kssd	sample_48	1.4533249999999993	164.00001999999995	0.0	1.0	1.0	1.0	1.0	0.0	0.0	1.0	1.0	0.0	0.0	0.0
kssd	sample_49	1.5009609999999987	153.00001299999997	0.0	1.0	1.0	1.0	1.0	0.0	0.0	1.0	1.0	0.0	0.0	0.0
kssd	sample_5	1.6827880000000006	142.00000599999998	0.0	1.0	1.0	1.0	1.0	0.0	0.0	1.0	1.0	0.0	0.0	0.0
kssd	sample_50	1.6695030000000002	156.00001499999996	0.0	1.0	1.0	1.0	1.0	0.0	0.0	1.0	1.0	0.0	0.0	0.0
kssd	sample_51	1.3832149999999994	168.00003199999992	0.0	1.0	1.0	1.0	1.0	0.0	0.0	1.0	1.0	0.0	0.0	0.0
kssd	sample_32	1.419684999999999	144.00002299999994	0.0	1.0	1.0	1.0	1.0	0.0	0.0	1.0	1.0	0.0	0.0	0.0
kssd	sample_52	1.6573850000000017	147.00001699999996	0.0	1.0	1.0	1.0	1.0	0.0	0.0	1.0	1.0	0.0	0.0	0.0
kssd	sample_31	1.622166000000001	153.99999100000002	0.0	1.0	1.0	1.0	1.0	0.0	0.0	1.0	1.0	0.0	0.0	0.0
kssd	sample_3	1.6769450000000012	155.000005	0.0	1.0	1.0	1.0	1.0	0.0	0.0	1.0	1.0	0.0	0.0	0.0
kssd	sample_190	1.7847040000000007	147.999999	0.0	1.0	1.0	1.0	1.0	0.0	0.0	1.0	1.0	0.0	0.0	0.0
kssd	sample_191	1.6099870000000005	144.00002299999994	0.0	1.0	1.0	1.0	1.0	0.0	0.0	1.0	1.0	0.0	0.0	0.0
kssd	sample_192	1.7689550000000003	184.00000699999998	0.0	1.0	1.0	1.0	1.0	0.0	0.0	1.0	1.0	0.0	0.0	0.0
kssd	sample_193	1.9587190000000005	127.00001499999999	0.0	1.0	1.0	1.0	1.0	0.0	0.0	1.0	1.0	0.0	0.0	0.0
kssd	sample_194	1.5958890000000014	172.00002499999994	0.0	1.0	1.0	1.0	1.0	0.0	0.0	1.0	1.0	0.0	0.0	0.0
kssd	sample_195	1.6839660000000005	152.00000599999998	0.0	1.0	1.0	1.0	1.0	0.0	0.0	1.0	1.0	0.0	0.0	0.0
kssd	sample_196	1.5265400000000011	137.00000899999998	0.0	1.0	1.0	1.0	1.0	0.0	0.0	1.0	1.0	0.0	0.0	0.0
kssd	sample_197	1.7022359999999996	158.00000899999998	0.0	1.0	1.0	1.0	1.0	0.0	0.0	1.0	1.0	0.0	0.0	0.0
kssd	sample_198	1.7831419999999982	157.000005	0.0	1.0	1.0	1.0	1.0	0.0	0.0	1.0	1.0	0.0	0.0	0.0
kssd	sample_199	1.7231639999999993	163.00001299999997	0.0	1.0	1.0	1.0	1.0	0.0	0.0	1.0	1.0	0.0	0.0	0.0
kssd	sample_2	1.621995	152.00000999999997	0.0	1.0	1.0	1.0	1.0	0.0	0.0	1.0	1.0	0.0	0.0	0.0
kssd	sample_20	1.6233090000000001	163.00001599999996	0.0	1.0	1.0	1.0	1.0	0.0	0.0	1.0	1.0	0.0	0.0	0.0
kssd	sample_21	1.4643230000000016	142.00001899999995	0.0	1.0	1.0	1.0	1.0	0.0	0.0	1.0	1.0	0.0	0.0	0.0
kssd	sample_22	1.6021640000000001	136.00002499999994	0.0	1.0	1.0	1.0	1.0	0.0	0.0	1.0	1.0	0.0	0.0	0.0
kssd	sample_23	1.5074809999999976	152.00000899999998	0.0	1.0	1.0	1.0	1.0	0.0	0.0	1.0	1.0	0.0	0.0	0.0
kssd	sample_24	1.432383000000002	139.00001299999997	0.0	1.0	1.0	1.0	1.0	0.0	0.0	1.0	1.0	0.0	0.0	0.0
kssd	sample_25	1.6608750000000003	125.00000399999999	0.0	1.0	1.0	1.0	1.0	0.0	0.0	1.0	1.0	0.0	0.0	0.0
kssd	sample_26	1.6927640000000008	161.00001399999996	0.0	1.0	1.0	1.0	1.0	0.0	0.0	1.0	1.0	0.0	0.0	0.0
kssd	sample_27	1.625017	147.00002299999997	0.0	1.0	1.0	1.0	1.0	0.0	0.0	1.0	1.0	0.0	0.0	0.0
kssd	sample_28	1.6492119999999992	141.000002	0.0	1.0	1.0	1.0	1.0	0.0	0.0	1.0	1.0	0.0	0.0	0.0
kssd	sample_29	1.4306750000000004	167.000002	0.0	1.0	1.0	1.0	1.0	0.0	0.0	1.0	1.0	0.0	0.0	0.0
kssd	sample_30	1.5714180000000002	174.00000699999998	0.0	1.0	1.0	1.0	1.0	0.0	0.0	1.0	1.0	0.0	0.0	0.0
kssd	sample_54	1.717120000000002	126.00001999999998	0.0	1.0	1.0	1.0	1.0	0.0	0.0	1.0	1.0	0.0	0.0	0.0
kssd	sample_55	1.4786770000000002	160.00002299999994	0.0	1.0	1.0	1.0	1.0	0.0	0.0	1.0	1.0	0.0	0.0	0.0
kssd	sample_56	1.7622040000000008	153.00001899999995	0.0	1.0	1.0	1.0	1.0	0.0	0.0	1.0	1.0	0.0	0.0	0.0
kssd	sample_80	1.680133999999999	147.00001999999995	0.0	1.0	1.0	1.0	1.0	0.0	0.0	1.0	1.0	0.0	0.0	0.0
kssd	sample_81	1.636605999999999	143.00000799999998	0.0	1.0	1.0	1.0	1.0	0.0	0.0	1.0	1.0	0.0	0.0	0.0
kssd	sample_82	1.565735000000001	136.00000899999998	0.0	1.0	1.0	1.0	1.0	0.0	0.0	1.0	1.0	0.0	0.0	0.0
kssd	sample_83	1.7279169999999997	144.999997	0.0	1.0	1.0	1.0	1.0	0.0	0.0	1.0	1.0	0.0	0.0	0.0
kssd	sample_84	1.8377270000000028	144.00003299999997	0.0	1.0	1.0	1.0	1.0	0.0	0.0	1.0	1.0	0.0	0.0	0.0
kssd	sample_85	1.7561750000000007	149.00001899999995	0.0	1.0	1.0	1.0	1.0	0.0	0.0	1.0	1.0	0.0	0.0	0.0
kssd	sample_86	1.6147030000000004	156.00000899999998	0.0	1.0	1.0	1.0	1.0	0.0	0.0	1.0	1.0	0.0	0.0	0.0
kssd	sample_87	1.7424739999999996	148.00002199999994	0.0	1.0	1.0	1.0	1.0	0.0	0.0	1.0	1.0	0.0	0.0	0.0
kssd	sample_88	1.6271750000000018	143.00001999999995	0.0	1.0	1.0	1.0	1.0	0.0	0.0	1.0	1.0	0.0	0.0	0.0
kssd	sample_89	1.6972140000000018	138.99999	0.0	1.0	1.0	1.0	1.0	0.0	0.0	1.0	1.0	0.0	0.0	0.0
kssd	sample_9	1.4265149999999993	129.00001799999995	0.0	1.0	1.0	1.0	1.0	0.0	0.0	1.0	1.0	0.0	0.0	0.0
kssd	sample_90	1.740382000000003	149.999995	0.0	1.0	1.0	1.0	1.0	0.0	0.0	1.0	1.0	0.0	0.0	0.0
kssd	sample_91	1.8320439999999996	143.00002799999993	0.0	1.0	1.0	1.0	1.0	0.0	0.0	1.0	1.0	0.0	0.0	0.0
kssd	sample_92	1.7278230000000012	138.00001399999996	0.0	1.0	1.0	1.0	1.0	0.0	0.0	1.0	1.0	0.0	0.0	0.0
kssd	sample_93	1.5383139999999977	158.00001099999997	0.0	1.0	1.0	1.0	1.0	0.0	0.0	1.0	1.0	0.0	0.0	0.0
kssd	sample_94	1.4757550000000015	148.00002199999994	0.0	1.0	1.0	1.0	1.0	0.0	0.0	1.0	1.0	0.0	0.0	0.0
kssd	sample_95	1.456023000000001	131.000004	0.0	1.0	1.0	1.0	1.0	0.0	0.0	1.0	1.0	0.0	0.0	0.0
kssd	sample_96	1.713557000000002	152.00002399999994	0.0	1.0	1.0	1.0	1.0	0.0	0.0	1.0	1.0	0.0	0.0	0.0
kssd	sample_97	1.7581250000000004	158.00000699999998	0.0	1.0	1.0	1.0	1.0	0.0	0.0	1.0	1.0	0.0	0.0	0.0
kssd	sample_98	1.7515040000000008	149.0000399999999	0.0	1.0	1.0	1.0	1.0	0.0	0.0	1.0	1.0	0.0	0.0	0.0
kssd	sample_99	1.6327990000000008	171.00001899999995	0.0	1.0	1.0	1.0	1.0	0.0	0.0	1.0	1.0	0.0	0.0	0.0
kssd	sample_8	1.5924400000000016	155.000004	0.0	1.0	1.0	1.0	1.0	0.0	0.0	1.0	1.0	0.0	0.0	0.0
kssd	sample_79	1.7053709999999982	177.00002600000002	0.0	1.0	1.0	1.0	1.0	0.0	0.0	1.0	1.0	0.0	0.0	0.0
kssd	sample_78	1.5394540000000014	152.00002399999994	0.0	1.0	1.0	1.0	1.0	0.0	0.0	1.0	1.0	0.0	0.0	0.0
kssd	sample_77	1.5281199999999986	150.00002599999993	0.0	1.0	1.0	1.0	1.0	0.0	0.0	1.0	1.0	0.0	0.0	0.0
kssd	sample_57	1.6968179999999993	167.00002199999994	0.0	1.0	1.0	1.0	1.0	0.0	0.0	1.0	1.0	0.0	0.0	0.0
kssd	sample_58	1.5457280000000004	137.00002699999993	0.0	1.0	1.0	1.0	1.0	0.0	0.0	1.0	1.0	0.0	0.0	0.0
kssd	sample_59	1.6872729999999976	153.00002399999994	0.0	1.0	1.0	1.0	1.0	0.0	0.0	1.0	1.0	0.0	0.0	0.0
kssd	sample_6	1.4992480000000004	154.00002699999993	0.0	1.0	1.0	1.0	1.0	0.0	0.0	1.0	1.0	0.0	0.0	0.0
kssd	sample_60	1.6477970000000015	174.00002899999993	0.0	1.0	1.0	1.0	1.0	0.0	0.0	1.0	1.0	0.0	0.0	0.0
kssd	sample_61	1.6919290000000013	157.00000599999998	0.0	1.0	1.0	1.0	1.0	0.0	0.0	1.0	1.0	0.0	0.0	0.0
kssd	sample_62	1.6386639999999992	161.00002399999994	0.0	1.0	1.0	1.0	1.0	0.0	0.0	1.0	1.0	0.0	0.0	0.0
kssd	sample_63	1.7596850000000002	164.00000799999998	0.0	1.0	1.0	1.0	1.0	0.0	0.0	1.0	1.0	0.0	0.0	0.0
kssd	sample_64	1.7534930000000009	159.999998	0.0	1.0	1.0	1.0	1.0	0.0	0.0	1.0	1.0	0.0	0.0	0.0
kssd	sample_65	1.682518000000002	162.00001999999995	0.0	1.0	1.0	1.0	1.0	0.0	0.0	1.0	1.0	0.0	0.0	0.0
kssd	sample_19	1.5516580000000035	174.00001799999995	0.0	1.0	1.0	1.0	1.0	0.0	0.0	1.0	1.0	0.0	0.0	0.0
kssd	sample_66	1.5411820000000018	149.00000699999998	0.0	1.0	1.0	1.0	1.0	0.0	0.0	1.0	1.0	0.0	0.0	0.0
kssd	sample_68	1.6688699999999959	156.00000599999998	0.0	1.0	1.0	1.0	1.0	0.0	0.0	1.0	1.0	0.0	0.0	0.0
kssd	sample_69	1.4642790000000008	136.00002399999994	0.0	1.0	1.0	1.0	1.0	0.0	0.0	1.0	1.0	0.0	0.0	0.0
kssd	sample_7	1.666383	154.00001899999995	0.0	1.0	1.0	1.0	1.0	0.0	0.0	1.0	1.0	0.0	0.0	0.0
kssd	sample_70	1.6597760000000001	154.00001899999995	0.0	1.0	1.0	1.0	1.0	0.0	0.0	1.0	1.0	0.0	0.0	0.0
kssd	sample_71	1.5321810000000013	139.00002499999994	0.0	1.0	1.0	1.0	1.0	0.0	0.0	1.0	1.0	0.0	0.0	0.0
kssd	sample_72	1.688909000000002	173.999999	0.0	1.0	1.0	1.0	1.0	0.0	0.0	1.0	1.0	0.0	0.0	0.0
kssd	sample_73	1.596767000000002	160.99999000000003	0.0	1.0	1.0	1.0	1.0	0.0	0.0	1.0	1.0	0.0	0.0	0.0
kssd	sample_74	1.9148530000000001	159.000001	0.0	1.0	1.0	1.0	1.0	0.0	0.0	1.0	1.0	0.0	0.0	0.0
kssd	sample_75	1.4694829999999994	144.00001299999997	0.0	1.0	1.0	1.0	1.0	0.0	0.0	1.0	1.0	0.0	0.0	0.0
kssd	sample_76	1.7035659999999988	150.00001399999996	0.0	1.0	1.0	1.0	1.0	0.0	0.0	1.0	1.0	0.0	0.0	0.0
kssd	sample_67	1.7833620000000017	151.00002599999993	0.0	1.0	1.0	1.0	1.0	0.0	0.0	1.0	1.0	0.0	0.0	0.0
kssd	sample_189	1.5871319999999995	157.00001499999996	0.0	1.0	1.0	1.0	1.0	0.0	0.0	1.0	1.0	0.0	0.0	0.0
kssd	sample_53	1.6461210000000006	163.999999	0.0	1.0	1.0	1.0	1.0	0.0	0.0	1.0	1.0	0.0	0.0	0.0
kssd	sample_187	1.7918520000000013	150.00000599999998	0.0	1.0	1.0	1.0	1.0	0.0	0.0	1.0	1.0	0.0	0.0	0.0
kssd	sample_122	1.5999789999999987	146.00000899999998	0.0	1.0	1.0	1.0	1.0	0.0	0.0	1.0	1.0	0.0	0.0	0.0
kssd	sample_123	1.674893	143.00001299999997	0.0	1.0	1.0	1.0	1.0	0.0	0.0	1.0	1.0	0.0	0.0	0.0
kssd	sample_124	1.6742080000000006	164.000002	0.0	1.0	1.0	1.0	1.0	0.0	0.0	1.0	1.0	0.0	0.0	0.0
kssd	sample_125	1.5629590000000002	141.00001899999995	0.0	1.0	1.0	1.0	1.0	0.0	0.0	1.0	1.0	0.0	0.0	0.0
kssd	sample_126	1.5875949999999999	155.00001199999997	0.0	1.0	1.0	1.0	1.0	0.0	0.0	1.0	1.0	0.0	0.0	0.0
kssd	sample_127	1.7143879999999994	159.00000999999997	0.0	1.0	1.0	1.0	1.0	0.0	0.0	1.0	1.0	0.0	0.0	0.0
kssd	sample_128	1.5856779999999995	146.00001999999995	0.0	1.0	1.0	1.0	1.0	0.0	0.0	1.0	1.0	0.0	0.0	0.0
kssd	sample_129	1.5033599999999996	150.000001	0.0	1.0	1.0	1.0	1.0	0.0	0.0	1.0	1.0	0.0	0.0	0.0
kssd	sample_13	1.7150780000000005	148.0000339999999	0.0	1.0	1.0	1.0	1.0	0.0	0.0	1.0	1.0	0.0	0.0	0.0
kssd	sample_130	1.5397379999999994	155.00001499999996	0.0	1.0	1.0	1.0	1.0	0.0	0.0	1.0	1.0	0.0	0.0	0.0
kssd	sample_131	1.7031240000000014	178.00002899999993	0.0	1.0	1.0	1.0	1.0	0.0	0.0	1.0	1.0	0.0	0.0	0.0
kssd	sample_132	1.8179799999999984	164.00001499999996	0.0	1.0	1.0	1.0	1.0	0.0	0.0	1.0	1.0	0.0	0.0	0.0
kssd	sample_133	1.5604009999999995	125.00001199999997	0.0	1.0	1.0	1.0	1.0	0.0	0.0	1.0	1.0	0.0	0.0	0.0
kssd	sample_134	1.5378910000000001	140.000002	0.0	1.0	1.0	1.0	1.0	0.0	0.0	1.0	1.0	0.0	0.0	0.0
kssd	sample_135	1.5823139999999967	161.000001	0.0	1.0	1.0	1.0	1.0	0.0	0.0	1.0	1.0	0.0	0.0	0.0
kssd	sample_136	1.5212279999999987	160.00001299999997	0.0	1.0	1.0	1.0	1.0	0.0	0.0	1.0	1.0	0.0	0.0	0.0
kssd	sample_137	1.5544350000000013	152.00000599999998	0.0	1.0	1.0	1.0	1.0	0.0	0.0	1.0	1.0	0.0	0.0	0.0
kssd	sample_138	1.715346000000002	143.00000999999997	0.0	1.0	1.0	1.0	1.0	0.0	0.0	1.0	1.0	0.0	0.0	0.0
kssd	sample_139	1.7515230000000015	159.00001899999995	0.0	1.0	1.0	1.0	1.0	0.0	0.0	1.0	1.0	0.0	0.0	0.0
kssd	sample_14	1.4480439999999999	139.00000799999998	0.0	1.0	1.0	1.0	1.0	0.0	0.0	1.0	1.0	0.0	0.0	0.0
kssd	sample_140	1.8635460000000006	142.00001699999996	0.0	1.0	1.0	1.0	1.0	0.0	0.0	1.0	1.0	0.0	0.0	0.0
kssd	sample_120	1.7373419999999982	152.00001399999996	0.0	1.0	1.0	1.0	1.0	0.0	0.0	1.0	1.0	0.0	0.0	0.0
kssd	sample_12	1.376232	136.00001399999996	0.0	1.0	1.0	1.0	1.0	0.0	0.0	1.0	1.0	0.0	0.0	0.0
kssd	sample_119	1.8805779999999994	142.000002	0.0	1.0	1.0	1.0	1.0	0.0	0.0	1.0	1.0	0.0	0.0	0.0
kssd	sample_118	1.6854299999999989	159.00001799999995	0.0	1.0	1.0	1.0	1.0	0.0	0.0	1.0	1.0	0.0	0.0	0.0
kssd	sample_188	1.753237000000002	165.999998	0.0	1.0	1.0	1.0	1.0	0.0	0.0	1.0	1.0	0.0	0.0	0.0
kssd	sample_1	1.5240799999999985	153.00001799999995	0.0	1.0	1.0	1.0	1.0	0.0	0.0	1.0	1.0	0.0	0.0	0.0
kssd	sample_10	1.690255000000001	144.00001899999995	0.0	1.0	1.0	1.0	1.0	0.0	0.0	1.0	1.0	0.0	0.0	0.0
kssd	sample_100	1.6519630000000005	147.00000899999998	0.0	1.0	1.0	1.0	1.0	0.0	0.0	1.0	1.0	0.0	0.0	0.0
kssd	sample_101	1.5932629999999999	159.00001599999996	0.0	1.0	1.0	1.0	1.0	0.0	0.0	1.0	1.0	0.0	0.0	0.0
kssd	sample_102	1.799737000000001	154.00001399999996	0.0	1.0	1.0	1.0	1.0	0.0	0.0	1.0	1.0	0.0	0.0	0.0
kssd	sample_103	1.6909240000000005	153.00000799999998	0.0	1.0	1.0	1.0	1.0	0.0	0.0	1.0	1.0	0.0	0.0	0.0
kssd	sample_104	1.6091230000000007	144.00000799999998	0.0	1.0	1.0	1.0	1.0	0.0	0.0	1.0	1.0	0.0	0.0	0.0
kssd	sample_105	1.7638470000000015	166.00001299999997	0.0	1.0	1.0	1.0	1.0	0.0	0.0	1.0	1.0	0.0	0.0	0.0
kssd	sample_106	1.3525260000000021	163.00001199999997	0.0	1.0	1.0	1.0	1.0	0.0	0.0	1.0	1.0	0.0	0.0	0.0
kssd	sample_141	1.6862460000000004	144.00002999999998	0.0	1.0	1.0	1.0	1.0	0.0	0.0	1.0	1.0	0.0	0.0	0.0
kssd	sample_107	1.6756950000000002	151.000003	0.0	1.0	1.0	1.0	1.0	0.0	0.0	1.0	1.0	0.0	0.0	0.0
kssd	sample_109	1.5733240000000017	152.00000599999998	0.0	1.0	1.0	1.0	1.0	0.0	0.0	1.0	1.0	0.0	0.0	0.0
kssd	sample_11	1.731721000000001	163.00001199999997	0.0	1.0	1.0	1.0	1.0	0.0	0.0	1.0	1.0	0.0	0.0	0.0
kssd	sample_110	1.5742750000000003	150.99999200000002	0.0	1.0	1.0	1.0	1.0	0.0	0.0	1.0	1.0	0.0	0.0	0.0
kssd	sample_111	1.4234120000000001	142.00001199999997	0.0	1.0	1.0	1.0	1.0	0.0	0.0	1.0	1.0	0.0	0.0	0.0
kssd	sample_112	1.7147000000000037	160.000004	0.0	1.0	1.0	1.0	1.0	0.0	0.0	1.0	1.0	0.0	0.0	0.0
kssd	sample_113	1.5998109999999992	144.999999	0.0	1.0	1.0	1.0	1.0	0.0	0.0	1.0	1.0	0.0	0.0	0.0
kssd	sample_114	1.6776980000000001	148.00001699999996	0.0	1.0	1.0	1.0	1.0	0.0	0.0	1.0	1.0	0.0	0.0	0.0
kssd	sample_115	1.518023	146.00001399999996	0.0	1.0	1.0	1.0	1.0	0.0	0.0	1.0	1.0	0.0	0.0	0.0
kssd	sample_116	1.7633950000000012	154.00001399999996	0.0	1.0	1.0	1.0	1.0	0.0	0.0	1.0	1.0	0.0	0.0	0.0
kssd	sample_117	1.8147189999999989	153.00001899999995	0.0	1.0	1.0	1.0	1.0	0.0	0.0	1.0	1.0	0.0	0.0	0.0
kssd	sample_108	1.7159440000000004	151.00001499999996	0.0	1.0	1.0	1.0	1.0	0.0	0.0	1.0	1.0	0.0	0.0	0.0
kssd	sample_142	1.6391029999999986	155.999996	0.0	1.0	1.0	1.0	1.0	0.0	0.0	1.0	1.0	0.0	0.0	0.0
kssd	sample_121	1.6012609999999992	162.00001799999995	0.0	1.0	1.0	1.0	1.0	0.0	0.0	1.0	1.0	0.0	0.0	0.0
kssd	sample_186	1.5711699999999993	150.00002499999994	0.0	1.0	1.0	1.0	1.0	0.0	0.0	1.0	1.0	0.0	0.0	0.0
kssd	sample_167	1.4570170000000013	143.00001099999997	0.0	1.0	1.0	1.0	1.0	0.0	0.0	1.0	1.0	0.0	0.0	0.0
kssd	sample_168	1.5788880000000012	140.00000899999998	0.0	1.0	1.0	1.0	1.0	0.0	0.0	1.0	1.0	0.0	0.0	0.0
kssd	sample_169	1.536442999999998	185.00001799999995	0.0	1.0	1.0	1.0	1.0	0.0	0.0	1.0	1.0	0.0	0.0	0.0
kssd	sample_17	1.819829999999998	145.00001399999996	0.0	1.0	1.0	1.0	1.0	0.0	0.0	1.0	1.0	0.0	0.0	0.0
kssd	sample_170	1.5612730000000012	143.00001999999995	0.0	1.0	1.0	1.0	1.0	0.0	0.0	1.0	1.0	0.0	0.0	0.0
kssd	sample_171	1.4931009999999987	149.00001499999996	0.0	1.0	1.0	1.0	1.0	0.0	0.0	1.0	1.0	0.0	0.0	0.0
kssd	sample_172	1.6931119999999968	151.00001299999997	0.0	1.0	1.0	1.0	1.0	0.0	0.0	1.0	1.0	0.0	0.0	0.0
kssd	sample_173	1.621494	147.999999	0.0	1.0	1.0	1.0	1.0	0.0	0.0	1.0	1.0	0.0	0.0	0.0
kssd	sample_175	1.5890740000000003	135.00001499999996	0.0	1.0	1.0	1.0	1.0	0.0	0.0	1.0	1.0	0.0	0.0	0.0
kssd	sample_176	1.4868240000000008	153.999998	0.0	1.0	1.0	1.0	1.0	0.0	0.0	1.0	1.0	0.0	0.0	0.0
kssd	sample_177	1.5319169999999993	144.99999100000002	0.0	1.0	1.0	1.0	1.0	0.0	0.0	1.0	1.0	0.0	0.0	0.0
kssd	sample_178	1.6216189999999993	159.00001399999996	0.0	1.0	1.0	1.0	1.0	0.0	0.0	1.0	1.0	0.0	0.0	0.0
kssd	sample_179	1.6436259999999996	143.0	0.0	1.0	1.0	1.0	1.0	0.0	0.0	1.0	1.0	0.0	0.0	0.0
kssd	sample_18	1.5500670000000012	170.00000699999998	0.0	1.0	1.0	1.0	1.0	0.0	0.0	1.0	1.0	0.0	0.0	0.0
kssd	sample_180	1.6024769999999995	142.00004599999994	0.0	1.0	1.0	1.0	1.0	0.0	0.0	1.0	1.0	0.0	0.0	0.0
kssd	sample_181	1.692574000000002	149.99999400000002	0.0	1.0	1.0	1.0	1.0	0.0	0.0	1.0	1.0	0.0	0.0	0.0
kssd	sample_182	1.5263769999999997	152.00001099999997	0.0	1.0	1.0	1.0	1.0	0.0	0.0	1.0	1.0	0.0	0.0	0.0
kssd	sample_183	1.6360020000000017	168.00003299999992	0.0	1.0	1.0	1.0	1.0	0.0	0.0	1.0	1.0	0.0	0.0	0.0
kssd	sample_184	1.5037439999999973	134.000002	0.0	1.0	1.0	1.0	1.0	0.0	0.0	1.0	1.0	0.0	0.0	0.0
kssd	sample_185	1.6542659999999991	135.00000999999997	0.0	1.0	1.0	1.0	1.0	0.0	0.0	1.0	1.0	0.0	0.0	0.0
kssd	sample_143	1.5245849999999999	131.00000599999998	0.0	1.0	1.0	1.0	1.0	0.0	0.0	1.0	1.0	0.0	0.0	0.0
kssd	sample_166	1.7128260000000015	156.000005	0.0	1.0	1.0	1.0	1.0	0.0	0.0	1.0	1.0	0.0	0.0	0.0
kssd	sample_165	1.4416220000000004	146.99999699999998	0.0	1.0	1.0	1.0	1.0	0.0	0.0	1.0	1.0	0.0	0.0	0.0
kssd	sample_174	1.566184000000001	183.999998	0.0	1.0	1.0	1.0	1.0	0.0	0.0	1.0	1.0	0.0	0.0	0.0
kssd	sample_163	1.6551790000000006	153.00003299999995	0.0	1.0	1.0	1.0	1.0	0.0	0.0	1.0	1.0	0.0	0.0	0.0
kssd	sample_144	1.5876560000000022	165.000004	0.0	1.0	1.0	1.0	1.0	0.0	0.0	1.0	1.0	0.0	0.0	0.0
kssd	sample_164	1.8460399999999988	137.00001699999996	0.0	1.0	1.0	1.0	1.0	0.0	0.0	1.0	1.0	0.0	0.0	0.0
kssd	sample_146	1.580630999999998	152.00001299999997	0.0	1.0	1.0	1.0	1.0	0.0	0.0	1.0	1.0	0.0	0.0	0.0
kssd	sample_147	1.610416000000001	183.00001399999996	0.0	1.0	1.0	1.0	1.0	0.0	0.0	1.0	1.0	0.0	0.0	0.0
kssd	sample_148	1.6221119999999989	152.00001899999995	0.0	1.0	1.0	1.0	1.0	0.0	0.0	1.0	1.0	0.0	0.0	0.0
kssd	sample_149	1.4688390000000004	142.00000699999998	0.0	1.0	1.0	1.0	1.0	0.0	0.0	1.0	1.0	0.0	0.0	0.0
kssd	sample_15	1.5827619999999991	146.000005	0.0	1.0	1.0	1.0	1.0	0.0	0.0	1.0	1.0	0.0	0.0	0.0
kssd	sample_150	1.6841700000000013	166.99999400000002	0.0	1.0	1.0	1.0	1.0	0.0	0.0	1.0	1.0	0.0	0.0	0.0
kssd	sample_151	1.635879999999999	144.00001299999997	0.0	1.0	1.0	1.0	1.0	0.0	0.0	1.0	1.0	0.0	0.0	0.0
kssd	sample_152	1.6497999999999977	146.000025	0.0	1.0	1.0	1.0	1.0	0.0	0.0	1.0	1.0	0.0	0.0	0.0
kssd	sample_153	1.6452869999999986	137.00001599999996	0.0	1.0	1.0	1.0	1.0	0.0	0.0	1.0	1.0	0.0	0.0	0.0
kssd	sample_145	1.6829299999999998	158.000002	0.0	1.0	1.0	1.0	1.0	0.0	0.0	1.0	1.0	0.0	0.0	0.0
kssd	sample_155	1.6093420000000018	135.000001	0.0	1.0	1.0	1.0	1.0	0.0	0.0	1.0	1.0	0.0	0.0	0.0
kssd	sample_154	1.724994	149.000005	0.0	1.0	1.0	1.0	1.0	0.0	0.0	1.0	1.0	0.0	0.0	0.0
kssd	sample_161	1.8253760000000019	162.000002	0.0	1.0	1.0	1.0	1.0	0.0	0.0	1.0	1.0	0.0	0.0	0.0
kssd	sample_160	1.7473210000000012	135.000003	0.0	1.0	1.0	1.0	1.0	0.0	0.0	1.0	1.0	0.0	0.0	0.0
kssd	sample_16	1.540540000000001	150.00001599999996	0.0	1.0	1.0	1.0	1.0	0.0	0.0	1.0	1.0	0.0	0.0	0.0
kssd	sample_162	1.6974430000000007	135.000003	0.0	1.0	1.0	1.0	1.0	0.0	0.0	1.0	1.0	0.0	0.0	0.0
kssd	sample_158	1.778723999999999	160.00000999999997	0.0	1.0	1.0	1.0	1.0	0.0	0.0	1.0	1.0	0.0	0.0	0.0
kssd	sample_157	1.630528000000001	152.00003599999997	0.0	1.0	1.0	1.0	1.0	0.0	0.0	1.0	1.0	0.0	0.0	0.0
kssd	sample_156	1.5328540000000008	120.00001599999997	0.0	1.0	1.0	1.0	1.0	0.0	0.0	1.0	1.0	0.0	0.0	0.0
kssd	sample_159	1.6193639999999991	154.00001899999995	0.0	1.0	1.0	1.0	1.0	0.0	0.0	1.0	1.0	0.0	0.0	0.0
metaphlan3	sample_41	3.143042500000005	222.00001699999999	0.0	1.0	1.0	1.0	1.0	0.0	0.0	1.0	1.0	0.0	0.0	0.0
metaphlan3	sample_35	3.211501699999998	193.0000217	0.0	1.0	1.0	1.0	1.0	0.0	0.0	1.0	1.0	0.0	0.0	0.0
metaphlan3	sample_36	2.9774689000000008	191.00000920000005	0.0	1.0	1.0	1.0	1.0	0.0	0.0	1.0	1.0	0.0	0.0	0.0
metaphlan3	sample_37	2.9083882000000014	188.00001280000004	0.0	1.0	1.0	1.0	1.0	0.0	0.0	1.0	1.0	0.0	0.0	0.0
metaphlan3	sample_38	3.0212817	198.0000253999999	0.0	1.0	1.0	1.0	1.0	0.0	0.0	1.0	1.0	0.0	0.0	0.0
metaphlan3	sample_39	3.342892299999999	225.00001389999994	0.0	1.0	1.0	1.0	1.0	0.0	0.0	1.0	1.0	0.0	0.0	0.0
metaphlan3	sample_4	3.0581449000000007	188.00001649999993	0.0	1.0	1.0	1.0	1.0	0.0	0.0	1.0	1.0	0.0	0.0	0.0
metaphlan3	sample_34	2.8372643000000015	195.00004119999994	0.0	1.0	1.0	1.0	1.0	0.0	0.0	1.0	1.0	0.0	0.0	0.0
metaphlan3	sample_40	2.9690920000000007	187.00002399999994	0.0	1.0	1.0	1.0	1.0	0.0	0.0	1.0	1.0	0.0	0.0	0.0
metaphlan3	sample_42	3.3109266000000006	200.00002249999994	0.0	1.0	1.0	1.0	1.0	0.0	0.0	1.0	1.0	0.0	0.0	0.0
metaphlan3	sample_47	2.814820799999997	214.00003599999997	0.0	1.0	1.0	1.0	1.0	0.0	0.0	1.0	1.0	0.0	0.0	0.0
metaphlan3	sample_44	3.0829210000000034	208.00003980000002	0.0	1.0	1.0	1.0	1.0	0.0	0.0	1.0	1.0	0.0	0.0	0.0
metaphlan3	sample_45	2.897040899999999	196.0000230999999	0.0	1.0	1.0	1.0	1.0	0.0	0.0	1.0	1.0	0.0	0.0	0.0
metaphlan3	sample_46	3.162998500000002	207.00003199999998	0.0	1.0	1.0	1.0	1.0	0.0	0.0	1.0	1.0	0.0	0.0	0.0
metaphlan3	sample_48	3.135159599999996	204.00000469999998	0.0	1.0	1.0	1.0	1.0	0.0	0.0	1.0	1.0	0.0	0.0	0.0
metaphlan3	sample_49	3.109450500000001	187.00001049999997	0.0	1.0	1.0	1.0	1.0	0.0	0.0	1.0	1.0	0.0	0.0	0.0
metaphlan3	sample_5	2.9861106000000035	216.00001279999995	0.0	1.0	1.0	1.0	1.0	0.0	0.0	1.0	1.0	0.0	0.0	0.0
metaphlan3	sample_50	2.9893984999999974	203.00001759999995	0.0	1.0	1.0	1.0	1.0	0.0	0.0	1.0	1.0	0.0	0.0	0.0
metaphlan3	sample_51	2.7350550000000062	214.00002019999997	0.0	1.0	1.0	1.0	1.0	0.0	0.0	1.0	1.0	0.0	0.0	0.0
metaphlan3	sample_52	2.9337045999999973	202.00002339999998	0.0	1.0	1.0	1.0	1.0	0.0	0.0	1.0	1.0	0.0	0.0	0.0
metaphlan3	sample_33	2.9612952999999997	220.00000980000004	0.0	1.0	1.0	1.0	1.0	0.0	0.0	1.0	1.0	0.0	0.0	0.0
metaphlan3	sample_43	2.9975833000000005	178.00001269999996	0.0	1.0	1.0	1.0	1.0	0.0	0.0	1.0	1.0	0.0	0.0	0.0
metaphlan3	sample_32	3.1699092999999996	209.00002009999997	0.0	1.0	1.0	1.0	1.0	0.0	0.0	1.0	1.0	0.0	0.0	0.0
metaphlan3	sample_190	3.1267834	213.000032	0.0	1.0	1.0	1.0	1.0	0.0	0.0	1.0	1.0	0.0	0.0	0.0
metaphlan3	sample_30	2.8832059	236.00002389999997	0.0	1.0	1.0	1.0	1.0	0.0	0.0	1.0	1.0	0.0	0.0	0.0
metaphlan3	sample_53	3.092807700000002	197.9999953	0.0	1.0	1.0	1.0	1.0	0.0	0.0	1.0	1.0	0.0	0.0	0.0
metaphlan3	sample_191	2.929460000000004	199.00000490000005	0.0	1.0	1.0	1.0	1.0	0.0	0.0	1.0	1.0	0.0	0.0	0.0
metaphlan3	sample_192	3.1881298999999985	215.00002060000003	0.0	1.0	1.0	1.0	1.0	0.0	0.0	1.0	1.0	0.0	0.0	0.0
metaphlan3	sample_193	2.9446199000000006	206.0000369	0.0	1.0	1.0	1.0	1.0	0.0	0.0	1.0	1.0	0.0	0.0	0.0
metaphlan3	sample_194	3.0947123	179.0000171	0.0	1.0	1.0	1.0	1.0	0.0	0.0	1.0	1.0	0.0	0.0	0.0
metaphlan3	sample_195	3.357781900000001	204.0000150999999	0.0	1.0	1.0	1.0	1.0	0.0	0.0	1.0	1.0	0.0	0.0	0.0
metaphlan3	sample_196	2.734020099999999	203.00002579999995	0.0	1.0	1.0	1.0	1.0	0.0	0.0	1.0	1.0	0.0	0.0	0.0
metaphlan3	sample_197	2.7836085000000015	199.00002139999998	0.0	1.0	1.0	1.0	1.0	0.0	0.0	1.0	1.0	0.0	0.0	0.0
metaphlan3	sample_198	3.0790895999999974	213.00002639999994	0.0	1.0	1.0	1.0	1.0	0.0	0.0	1.0	1.0	0.0	0.0	0.0
metaphlan3	sample_199	2.6982062000000004	204.0000111	0.0	1.0	1.0	1.0	1.0	0.0	0.0	1.0	1.0	0.0	0.0	0.0
metaphlan3	sample_31	3.0619409	193.0000227	0.0	1.0	1.0	1.0	1.0	0.0	0.0	1.0	1.0	0.0	0.0	0.0
metaphlan3	sample_2	2.837007399999999	209.0000124	0.0	1.0	1.0	1.0	1.0	0.0	0.0	1.0	1.0	0.0	0.0	0.0
metaphlan3	sample_21	2.6709430000000007	201.0000312	0.0	1.0	1.0	1.0	1.0	0.0	0.0	1.0	1.0	0.0	0.0	0.0
metaphlan3	sample_22	2.9229174999999983	187.0000273	0.0	1.0	1.0	1.0	1.0	0.0	0.0	1.0	1.0	0.0	0.0	0.0
metaphlan3	sample_23	3.188632399999998	235.00003419999996	0.0	1.0	1.0	1.0	1.0	0.0	0.0	1.0	1.0	0.0	0.0	0.0
metaphlan3	sample_24	3.274078599999999	221.00002529999998	0.0	1.0	1.0	1.0	1.0	0.0	0.0	1.0	1.0	0.0	0.0	0.0
metaphlan3	sample_25	3.102623000000001	199.00003679999995	0.0	1.0	1.0	1.0	1.0	0.0	0.0	1.0	1.0	0.0	0.0	0.0
metaphlan3	sample_26	3.195408499999998	215.00001579999997	0.0	1.0	1.0	1.0	1.0	0.0	0.0	1.0	1.0	0.0	0.0	0.0
metaphlan3	sample_27	3.5229291000000034	175.00000749999995	0.0	1.0	1.0	1.0	1.0	0.0	0.0	1.0	1.0	0.0	0.0	0.0
metaphlan3	sample_28	3.3861236999999993	220.00002980000005	0.0	1.0	1.0	1.0	1.0	0.0	0.0	1.0	1.0	0.0	0.0	0.0
metaphlan3	sample_29	2.8936528000000017	212.000014	0.0	1.0	1.0	1.0	1.0	0.0	0.0	1.0	1.0	0.0	0.0	0.0
metaphlan3	sample_3	2.8675542000000003	211.00001490000002	0.0	1.0	1.0	1.0	1.0	0.0	0.0	1.0	1.0	0.0	0.0	0.0
metaphlan3	sample_20	3.267596200000003	199.00002019999997	0.0	1.0	1.0	1.0	1.0	0.0	0.0	1.0	1.0	0.0	0.0	0.0
metaphlan3	sample_54	3.3091760000000012	181.0000199	0.0	1.0	1.0	1.0	1.0	0.0	0.0	1.0	1.0	0.0	0.0	0.0
metaphlan3	sample_99	2.627780100000001	214.00005050000001	0.0	1.0	1.0	1.0	1.0	0.0	0.0	1.0	1.0	0.0	0.0	0.0
metaphlan3	sample_56	3.2234043000000008	223.0000219	0.0	1.0	1.0	1.0	1.0	0.0	0.0	1.0	1.0	0.0	0.0	0.0
metaphlan3	sample_80	3.2167649999999965	188.00002439999997	0.0	1.0	1.0	1.0	1.0	0.0	0.0	1.0	1.0	0.0	0.0	0.0
metaphlan3	sample_81	3.0033324000000015	210.0000095	0.0	1.0	1.0	1.0	1.0	0.0	0.0	1.0	1.0	0.0	0.0	0.0
metaphlan3	sample_82	2.993272100000002	238.00001540000005	0.0	1.0	1.0	1.0	1.0	0.0	0.0	1.0	1.0	0.0	0.0	0.0
metaphlan3	sample_83	3.176431999999998	223.0000255	0.0	1.0	1.0	1.0	1.0	0.0	0.0	1.0	1.0	0.0	0.0	0.0
metaphlan3	sample_84	3.1371699000000053	194.00003669999998	0.0	1.0	1.0	1.0	1.0	0.0	0.0	1.0	1.0	0.0	0.0	0.0
metaphlan3	sample_85	3.0224319000000017	203.0000248	0.0	1.0	1.0	1.0	1.0	0.0	0.0	1.0	1.0	0.0	0.0	0.0
metaphlan3	sample_86	3.141621300000003	216.00004459999997	0.0	1.0	1.0	1.0	1.0	0.0	0.0	1.0	1.0	0.0	0.0	0.0
metaphlan3	sample_87	3.2068433999999995	206.00003100000004	0.0	1.0	1.0	1.0	1.0	0.0	0.0	1.0	1.0	0.0	0.0	0.0
metaphlan3	sample_88	2.917548699999996	204.00003379999998	0.0	1.0	1.0	1.0	1.0	0.0	0.0	1.0	1.0	0.0	0.0	0.0
metaphlan3	sample_89	2.8346455000000006	229.0000111	0.0	1.0	1.0	1.0	1.0	0.0	0.0	1.0	1.0	0.0	0.0	0.0
metaphlan3	sample_9	3.123241100000005	212.00003130000002	0.0	1.0	1.0	1.0	1.0	0.0	0.0	1.0	1.0	0.0	0.0	0.0
metaphlan3	sample_90	2.932003199999999	196.99999719999997	0.0	1.0	1.0	1.0	1.0	0.0	0.0	1.0	1.0	0.0	0.0	0.0
metaphlan3	sample_91	3.095153800000002	228.00003899999996	0.0	1.0	1.0	1.0	1.0	0.0	0.0	1.0	1.0	0.0	0.0	0.0
metaphlan3	sample_92	3.3225777	223.00001949999998	0.0	1.0	1.0	1.0	1.0	0.0	0.0	1.0	1.0	0.0	0.0	0.0
metaphlan3	sample_93	2.7377219000000013	233.0000197	0.0	1.0	1.0	1.0	1.0	0.0	0.0	1.0	1.0	0.0	0.0	0.0
metaphlan3	sample_94	2.8847036999999984	195.0000084	0.0	1.0	1.0	1.0	1.0	0.0	0.0	1.0	1.0	0.0	0.0	0.0
metaphlan3	sample_95	2.9904879999999974	201.00000379999994	0.0	1.0	1.0	1.0	1.0	0.0	0.0	1.0	1.0	0.0	0.0	0.0
metaphlan3	sample_96	3.0533580000000016	209.00001079999996	0.0	1.0	1.0	1.0	1.0	0.0	0.0	1.0	1.0	0.0	0.0	0.0
metaphlan3	sample_97	3.076552	214.0000111999999	0.0	1.0	1.0	1.0	1.0	0.0	0.0	1.0	1.0	0.0	0.0	0.0
metaphlan3	sample_98	3.1471769999999997	238.00004519999996	0.0	1.0	1.0	1.0	1.0	0.0	0.0	1.0	1.0	0.0	0.0	0.0
metaphlan3	sample_19	2.6262292999999994	212.00000119999993	0.0	1.0	1.0	1.0	1.0	0.0	0.0	1.0	1.0	0.0	0.0	0.0
metaphlan3	sample_8	3.2746054999999976	211.00000300000002	0.0	1.0	1.0	1.0	1.0	0.0	0.0	1.0	1.0	0.0	0.0	0.0
metaphlan3	sample_79	2.819783900000001	214.00003099999998	0.0	1.0	1.0	1.0	1.0	0.0	0.0	1.0	1.0	0.0	0.0	0.0
metaphlan3	sample_78	3.1384752000000034	183.0000372	0.0	1.0	1.0	1.0	1.0	0.0	0.0	1.0	1.0	0.0	0.0	0.0
metaphlan3	sample_77	2.833988100000001	189.0000344	0.0	1.0	1.0	1.0	1.0	0.0	0.0	1.0	1.0	0.0	0.0	0.0
metaphlan3	sample_57	3.2334915	202.0000065999999	0.0	1.0	1.0	1.0	1.0	0.0	0.0	1.0	1.0	0.0	0.0	0.0
metaphlan3	sample_58	3.076535100000005	220.00002959999995	0.0	1.0	1.0	1.0	1.0	0.0	0.0	1.0	1.0	0.0	0.0	0.0
metaphlan3	sample_59	3.435838000000001	232.00003699999996	0.0	1.0	1.0	1.0	1.0	0.0	0.0	1.0	1.0	0.0	0.0	0.0
metaphlan3	sample_6	3.2516692000000016	211.00001970000002	0.0	1.0	1.0	1.0	1.0	0.0	0.0	1.0	1.0	0.0	0.0	0.0
metaphlan3	sample_60	2.989174300000004	215.00002869999994	0.0	1.0	1.0	1.0	1.0	0.0	0.0	1.0	1.0	0.0	0.0	0.0
metaphlan3	sample_61	2.8622715000000003	213.00001889999993	0.0	1.0	1.0	1.0	1.0	0.0	0.0	1.0	1.0	0.0	0.0	0.0
metaphlan3	sample_62	3.010839099999999	208.00002819999997	0.0	1.0	1.0	1.0	1.0	0.0	0.0	1.0	1.0	0.0	0.0	0.0
metaphlan3	sample_63	3.0705063000000097	218.00000689999993	0.0	1.0	1.0	1.0	1.0	0.0	0.0	1.0	1.0	0.0	0.0	0.0
metaphlan3	sample_64	3.2405548999999985	217.00002479999992	0.0	1.0	1.0	1.0	1.0	0.0	0.0	1.0	1.0	0.0	0.0	0.0
metaphlan3	sample_65	3.0684263000000005	216.00000229999998	0.0	1.0	1.0	1.0	1.0	0.0	0.0	1.0	1.0	0.0	0.0	0.0
metaphlan3	sample_55	2.9971649000000036	192.00002039999998	0.0	1.0	1.0	1.0	1.0	0.0	0.0	1.0	1.0	0.0	0.0	0.0
metaphlan3	sample_66	3.1195458000000005	192.00001179999998	0.0	1.0	1.0	1.0	1.0	0.0	0.0	1.0	1.0	0.0	0.0	0.0
metaphlan3	sample_68	3.0882366000000046	222.0000269	0.0	1.0	1.0	1.0	1.0	0.0	0.0	1.0	1.0	0.0	0.0	0.0
metaphlan3	sample_69	3.588575400000001	207.00001820000006	0.0	1.0	1.0	1.0	1.0	0.0	0.0	1.0	1.0	0.0	0.0	0.0
metaphlan3	sample_7	2.9586052000000014	223.00003220000002	0.0	1.0	1.0	1.0	1.0	0.0	0.0	1.0	1.0	0.0	0.0	0.0
metaphlan3	sample_70	2.694385	211.000025	0.0	1.0	1.0	1.0	1.0	0.0	0.0	1.0	1.0	0.0	0.0	0.0
metaphlan3	sample_71	3.306518100000004	211.00000319999992	0.0	1.0	1.0	1.0	1.0	0.0	0.0	1.0	1.0	0.0	0.0	0.0
metaphlan3	sample_72	2.8834955000000013	213.0000217	0.0	1.0	1.0	1.0	1.0	0.0	0.0	1.0	1.0	0.0	0.0	0.0
metaphlan3	sample_73	2.8773067000000014	213.00000909999997	0.0	1.0	1.0	1.0	1.0	0.0	0.0	1.0	1.0	0.0	0.0	0.0
metaphlan3	sample_74	2.7086170999999997	210.00001369999998	0.0	1.0	1.0	1.0	1.0	0.0	0.0	1.0	1.0	0.0	0.0	0.0
metaphlan3	sample_75	3.222976499999997	195.00001749999996	0.0	1.0	1.0	1.0	1.0	0.0	0.0	1.0	1.0	0.0	0.0	0.0
metaphlan3	sample_76	3.0519119999999993	210.00002079999996	0.0	1.0	1.0	1.0	1.0	0.0	0.0	1.0	1.0	0.0	0.0	0.0
metaphlan3	sample_67	3.262140000000001	220.00004209999997	0.0	1.0	1.0	1.0	1.0	0.0	0.0	1.0	1.0	0.0	0.0	0.0
metaphlan3	sample_189	3.0029322000000014	214.99999399999996	0.0	1.0	1.0	1.0	1.0	0.0	0.0	1.0	1.0	0.0	0.0	0.0
metaphlan3	sample_188	3.064560600000001	204.00001709999998	0.0	1.0	1.0	1.0	1.0	0.0	0.0	1.0	1.0	0.0	0.0	0.0
metaphlan3	sample_187	3.0657695	224.00002509999996	0.0	1.0	1.0	1.0	1.0	0.0	0.0	1.0	1.0	0.0	0.0	0.0
metaphlan3	sample_121	3.2402097999999997	248.00002569999992	0.0	1.0	1.0	1.0	1.0	0.0	0.0	1.0	1.0	0.0	0.0	0.0
metaphlan3	sample_122	3.351228300000002	204.00000930000002	0.0	1.0	1.0	1.0	1.0	0.0	0.0	1.0	1.0	0.0	0.0	0.0
metaphlan3	sample_123	3.207387900000004	200.00003109999992	0.0	1.0	1.0	1.0	1.0	0.0	0.0	1.0	1.0	0.0	0.0	0.0
metaphlan3	sample_124	3.2548559000000017	214.00000179999998	0.0	1.0	1.0	1.0	1.0	0.0	0.0	1.0	1.0	0.0	0.0	0.0
metaphlan3	sample_125	3.036337300000002	198.0000105	0.0	1.0	1.0	1.0	1.0	0.0	0.0	1.0	1.0	0.0	0.0	0.0
metaphlan3	sample_126	3.025348199999999	212.0000023	0.0	1.0	1.0	1.0	1.0	0.0	0.0	1.0	1.0	0.0	0.0	0.0
metaphlan3	sample_127	3.004148900000001	193.00002220000002	0.0	1.0	1.0	1.0	1.0	0.0	0.0	1.0	1.0	0.0	0.0	0.0
metaphlan3	sample_128	3.0499388000000005	225.00004119999994	0.0	1.0	1.0	1.0	1.0	0.0	0.0	1.0	1.0	0.0	0.0	0.0
metaphlan3	sample_129	2.9786177999999977	200.00000989999998	0.0	1.0	1.0	1.0	1.0	0.0	0.0	1.0	1.0	0.0	0.0	0.0
metaphlan3	sample_13	3.1525274999999993	237.00002899999993	0.0	1.0	1.0	1.0	1.0	0.0	0.0	1.0	1.0	0.0	0.0	0.0
metaphlan3	sample_130	3.185304900000005	257.0000248	0.0	1.0	1.0	1.0	1.0	0.0	0.0	1.0	1.0	0.0	0.0	0.0
metaphlan3	sample_131	2.8326440000000037	195.0000134	0.0	1.0	1.0	1.0	1.0	0.0	0.0	1.0	1.0	0.0	0.0	0.0
metaphlan3	sample_132	3.060642100000004	190.00000469999995	0.0	1.0	1.0	1.0	1.0	0.0	0.0	1.0	1.0	0.0	0.0	0.0
metaphlan3	sample_133	3.1225248999999975	194.00001639999994	0.0	1.0	1.0	1.0	1.0	0.0	0.0	1.0	1.0	0.0	0.0	0.0
metaphlan3	sample_134	3.3650776000000064	227.00002209999997	0.0	1.0	1.0	1.0	1.0	0.0	0.0	1.0	1.0	0.0	0.0	0.0
metaphlan3	sample_135	2.6973287999999993	207.0000296	0.0	1.0	1.0	1.0	1.0	0.0	0.0	1.0	1.0	0.0	0.0	0.0
metaphlan3	sample_136	3.1936117999999993	219.00000979999996	0.0	1.0	1.0	1.0	1.0	0.0	0.0	1.0	1.0	0.0	0.0	0.0
metaphlan3	sample_137	2.7903663	249.000027	0.0	1.0	1.0	1.0	1.0	0.0	0.0	1.0	1.0	0.0	0.0	0.0
metaphlan3	sample_138	3.1375933000000003	201.0000343	0.0	1.0	1.0	1.0	1.0	0.0	0.0	1.0	1.0	0.0	0.0	0.0
metaphlan3	sample_139	3.310485800000003	246.00002469999995	0.0	1.0	1.0	1.0	1.0	0.0	0.0	1.0	1.0	0.0	0.0	0.0
metaphlan3	sample_14	2.9420690000000014	209.0000082	0.0	1.0	1.0	1.0	1.0	0.0	0.0	1.0	1.0	0.0	0.0	0.0
metaphlan3	sample_120	3.279349600000003	210.00000119999993	0.0	1.0	1.0	1.0	1.0	0.0	0.0	1.0	1.0	0.0	0.0	0.0
metaphlan3	sample_140	3.1281905000000005	219.00002749999993	0.0	1.0	1.0	1.0	1.0	0.0	0.0	1.0	1.0	0.0	0.0	0.0
metaphlan3	sample_12	2.6958907000000014	190.00001129999995	0.0	1.0	1.0	1.0	1.0	0.0	0.0	1.0	1.0	0.0	0.0	0.0
metaphlan3	sample_118	3.2885055	207.00000929999996	0.0	1.0	1.0	1.0	1.0	0.0	0.0	1.0	1.0	0.0	0.0	0.0
metaphlan3	sample_1	3.090479800000005	212.00000509999995	0.0	1.0	1.0	1.0	1.0	0.0	0.0	1.0	1.0	0.0	0.0	0.0
metaphlan3	sample_10	3.0968618000000014	208.00001659999995	0.0	1.0	1.0	1.0	1.0	0.0	0.0	1.0	1.0	0.0	0.0	0.0
metaphlan3	sample_100	2.796724100000004	204.00002159999997	0.0	1.0	1.0	1.0	1.0	0.0	0.0	1.0	1.0	0.0	0.0	0.0
metaphlan3	sample_101	2.9907811000000017	198.00001699999996	0.0	1.0	1.0	1.0	1.0	0.0	0.0	1.0	1.0	0.0	0.0	0.0
metaphlan3	sample_102	3.0857344999999965	191.00000029999993	0.0	1.0	1.0	1.0	1.0	0.0	0.0	1.0	1.0	0.0	0.0	0.0
metaphlan3	sample_103	3.2524382999999997	210.00002660000004	0.0	1.0	1.0	1.0	1.0	0.0	0.0	1.0	1.0	0.0	0.0	0.0
metaphlan3	sample_104	3.4884638999999975	213.00002270000002	0.0	1.0	1.0	1.0	1.0	0.0	0.0	1.0	1.0	0.0	0.0	0.0
metaphlan3	sample_105	3.071656499999999	203.00000470000006	0.0	1.0	1.0	1.0	1.0	0.0	0.0	1.0	1.0	0.0	0.0	0.0
metaphlan3	sample_106	2.9073095999999987	193.0000117	0.0	1.0	1.0	1.0	1.0	0.0	0.0	1.0	1.0	0.0	0.0	0.0
metaphlan3	sample_107	2.9630850999999967	208.00001299999997	0.0	1.0	1.0	1.0	1.0	0.0	0.0	1.0	1.0	0.0	0.0	0.0
metaphlan3	sample_108	3.0919801999999974	207.00002289999992	0.0	1.0	1.0	1.0	1.0	0.0	0.0	1.0	1.0	0.0	0.0	0.0
metaphlan3	sample_109	3.3441534999999973	203.00001119999996	0.0	1.0	1.0	1.0	1.0	0.0	0.0	1.0	1.0	0.0	0.0	0.0
metaphlan3	sample_11	3.4106770000000015	228.00001909999992	0.0	1.0	1.0	1.0	1.0	0.0	0.0	1.0	1.0	0.0	0.0	0.0
metaphlan3	sample_110	2.8062437999999985	189.00000949999995	0.0	1.0	1.0	1.0	1.0	0.0	0.0	1.0	1.0	0.0	0.0	0.0
metaphlan3	sample_111	3.202962599999999	193.00001909999997	0.0	1.0	1.0	1.0	1.0	0.0	0.0	1.0	1.0	0.0	0.0	0.0
metaphlan3	sample_112	3.2323297999999974	199.99999569999994	0.0	1.0	1.0	1.0	1.0	0.0	0.0	1.0	1.0	0.0	0.0	0.0
metaphlan3	sample_113	3.2299066999999972	211.0000295	0.0	1.0	1.0	1.0	1.0	0.0	0.0	1.0	1.0	0.0	0.0	0.0
metaphlan3	sample_114	2.950889700000001	190.00001989999996	0.0	1.0	1.0	1.0	1.0	0.0	0.0	1.0	1.0	0.0	0.0	0.0
metaphlan3	sample_115	3.1046482999999987	215.00001690000002	0.0	1.0	1.0	1.0	1.0	0.0	0.0	1.0	1.0	0.0	0.0	0.0
metaphlan3	sample_116	3.3978937000000022	186.0000248	0.0	1.0	1.0	1.0	1.0	0.0	0.0	1.0	1.0	0.0	0.0	0.0
metaphlan3	sample_117	3.299854299999998	208.0000394	0.0	1.0	1.0	1.0	1.0	0.0	0.0	1.0	1.0	0.0	0.0	0.0
metaphlan3	sample_119	3.4074970999999965	183.00001209999996	0.0	1.0	1.0	1.0	1.0	0.0	0.0	1.0	1.0	0.0	0.0	0.0
metaphlan3	sample_141	3.008643000000001	189.00004079999997	0.0	1.0	1.0	1.0	1.0	0.0	0.0	1.0	1.0	0.0	0.0	0.0
metaphlan3	sample_0	3.434189799999997	211.00004150000004	0.0	1.0	1.0	1.0	1.0	0.0	0.0	1.0	1.0	0.0	0.0	0.0
metaphlan3	sample_143	3.121167199999998	187.00000289999997	0.0	1.0	1.0	1.0	1.0	0.0	0.0	1.0	1.0	0.0	0.0	0.0
metaphlan3	sample_168	3.120227199999998	191.00000820000002	0.0	1.0	1.0	1.0	1.0	0.0	0.0	1.0	1.0	0.0	0.0	0.0
metaphlan3	sample_169	2.9546397000000004	203.00002379999995	0.0	1.0	1.0	1.0	1.0	0.0	0.0	1.0	1.0	0.0	0.0	0.0
metaphlan3	sample_17	3.332843399999998	242.0000221	0.0	1.0	1.0	1.0	1.0	0.0	0.0	1.0	1.0	0.0	0.0	0.0
metaphlan3	sample_170	2.7649347999999985	212.00001909999995	0.0	1.0	1.0	1.0	1.0	0.0	0.0	1.0	1.0	0.0	0.0	0.0
metaphlan3	sample_171	3.1843789999999985	224.00002809999998	0.0	1.0	1.0	1.0	1.0	0.0	0.0	1.0	1.0	0.0	0.0	0.0
metaphlan3	sample_172	3.137738000000002	200.0000196	0.0	1.0	1.0	1.0	1.0	0.0	0.0	1.0	1.0	0.0	0.0	0.0
metaphlan3	sample_173	2.9852621999999998	242.00001490000005	0.0	1.0	1.0	1.0	1.0	0.0	0.0	1.0	1.0	0.0	0.0	0.0
metaphlan3	sample_174	3.0070661999999975	194.0000097	0.0	1.0	1.0	1.0	1.0	0.0	0.0	1.0	1.0	0.0	0.0	0.0
metaphlan3	sample_142	2.9856106999999987	194.00001639999994	0.0	1.0	1.0	1.0	1.0	0.0	0.0	1.0	1.0	0.0	0.0	0.0
metaphlan3	sample_176	3.0699814999999964	194.99998949999997	0.0	1.0	1.0	1.0	1.0	0.0	0.0	1.0	1.0	0.0	0.0	0.0
metaphlan3	sample_177	2.9958294000000016	239.00000970000005	0.0	1.0	1.0	1.0	1.0	0.0	0.0	1.0	1.0	0.0	0.0	0.0
metaphlan3	sample_178	3.1066366000000007	197.0000057	0.0	1.0	1.0	1.0	1.0	0.0	0.0	1.0	1.0	0.0	0.0	0.0
metaphlan3	sample_179	3.0490000999999998	246.00003869999998	0.0	1.0	1.0	1.0	1.0	0.0	0.0	1.0	1.0	0.0	0.0	0.0
metaphlan3	sample_18	3.126390299999999	180.00001189999992	0.0	1.0	1.0	1.0	1.0	0.0	0.0	1.0	1.0	0.0	0.0	0.0
metaphlan3	sample_180	2.9881313999999977	197.0000234	0.0	1.0	1.0	1.0	1.0	0.0	0.0	1.0	1.0	0.0	0.0	0.0
metaphlan3	sample_181	3.254606699999997	187.00000969999996	0.0	1.0	1.0	1.0	1.0	0.0	0.0	1.0	1.0	0.0	0.0	0.0
metaphlan3	sample_182	2.960213700000003	201.00002279999998	0.0	1.0	1.0	1.0	1.0	0.0	0.0	1.0	1.0	0.0	0.0	0.0
metaphlan3	sample_183	3.434925700000002	195.00000909999994	0.0	1.0	1.0	1.0	1.0	0.0	0.0	1.0	1.0	0.0	0.0	0.0
metaphlan3	sample_184	2.9281497999999986	195.00000429999994	0.0	1.0	1.0	1.0	1.0	0.0	0.0	1.0	1.0	0.0	0.0	0.0
metaphlan3	sample_185	2.852289900000003	185.00000459999998	0.0	1.0	1.0	1.0	1.0	0.0	0.0	1.0	1.0	0.0	0.0	0.0
metaphlan3	sample_186	2.9907413999999997	201.00001149999997	0.0	1.0	1.0	1.0	1.0	0.0	0.0	1.0	1.0	0.0	0.0	0.0
metaphlan3	sample_167	3.0269350000000035	210.00002379999998	0.0	1.0	1.0	1.0	1.0	0.0	0.0	1.0	1.0	0.0	0.0	0.0
metaphlan3	sample_166	3.2399149000000005	212.00001229999998	0.0	1.0	1.0	1.0	1.0	0.0	0.0	1.0	1.0	0.0	0.0	0.0
metaphlan3	sample_175	2.9768877000000002	209.0000077999999	0.0	1.0	1.0	1.0	1.0	0.0	0.0	1.0	1.0	0.0	0.0	0.0
metaphlan3	sample_164	3.130352699999999	223.00002339999998	0.0	1.0	1.0	1.0	1.0	0.0	0.0	1.0	1.0	0.0	0.0	0.0
metaphlan3	sample_165	2.8743243999999994	201.0000188	0.0	1.0	1.0	1.0	1.0	0.0	0.0	1.0	1.0	0.0	0.0	0.0
metaphlan3	sample_145	3.4635218000000023	201.00000539999996	0.0	1.0	1.0	1.0	1.0	0.0	0.0	1.0	1.0	0.0	0.0	0.0
metaphlan3	sample_146	3.160857000000005	222.00002769999995	0.0	1.0	1.0	1.0	1.0	0.0	0.0	1.0	1.0	0.0	0.0	0.0
metaphlan3	sample_147	3.1398243999999984	245.0000172	0.0	1.0	1.0	1.0	1.0	0.0	0.0	1.0	1.0	0.0	0.0	0.0
metaphlan3	sample_148	3.1654212999999993	207.000026	0.0	1.0	1.0	1.0	1.0	0.0	0.0	1.0	1.0	0.0	0.0	0.0
metaphlan3	sample_149	3.2775298999999998	195.00001949999995	0.0	1.0	1.0	1.0	1.0	0.0	0.0	1.0	1.0	0.0	0.0	0.0
metaphlan3	sample_15	3.0718443	208.00002219999996	0.0	1.0	1.0	1.0	1.0	0.0	0.0	1.0	1.0	0.0	0.0	0.0
metaphlan3	sample_150	3.1832051999999984	206.00001540000002	0.0	1.0	1.0	1.0	1.0	0.0	0.0	1.0	1.0	0.0	0.0	0.0
metaphlan3	sample_151	3.118368299999998	191.00000650000004	0.0	1.0	1.0	1.0	1.0	0.0	0.0	1.0	1.0	0.0	0.0	0.0
metaphlan3	sample_152	3.173910800000002	215.00000469999998	0.0	1.0	1.0	1.0	1.0	0.0	0.0	1.0	1.0	0.0	0.0	0.0
metaphlan3	sample_153	3.1634539000000013	194.0000108999999	0.0	1.0	1.0	1.0	1.0	0.0	0.0	1.0	1.0	0.0	0.0	0.0
metaphlan3	sample_144	3.296068100000002	229.00002819999995	0.0	1.0	1.0	1.0	1.0	0.0	0.0	1.0	1.0	0.0	0.0	0.0
metaphlan3	sample_155	3.2136730999999994	208.00001199999997	0.0	1.0	1.0	1.0	1.0	0.0	0.0	1.0	1.0	0.0	0.0	0.0
metaphlan3	sample_156	2.927138100000002	178.00002699999993	0.0	1.0	1.0	1.0	1.0	0.0	0.0	1.0	1.0	0.0	0.0	0.0
metaphlan3	sample_157	2.7928277000000015	242.00001529999997	0.0	1.0	1.0	1.0	1.0	0.0	0.0	1.0	1.0	0.0	0.0	0.0
metaphlan3	sample_158	2.873251500000003	199.0000146	0.0	1.0	1.0	1.0	1.0	0.0	0.0	1.0	1.0	0.0	0.0	0.0
metaphlan3	sample_159	3.1244608000000036	185.0000037	0.0	1.0	1.0	1.0	1.0	0.0	0.0	1.0	1.0	0.0	0.0	0.0
metaphlan3	sample_16	3.3468452999999987	212.0000384	0.0	1.0	1.0	1.0	1.0	0.0	0.0	1.0	1.0	0.0	0.0	0.0
metaphlan3	sample_160	3.1851420000000052	234.00002299999997	0.0	1.0	1.0	1.0	1.0	0.0	0.0	1.0	1.0	0.0	0.0	0.0
metaphlan3	sample_161	3.2160391999999995	205.00000110000002	0.0	1.0	1.0	1.0	1.0	0.0	0.0	1.0	1.0	0.0	0.0	0.0
metaphlan3	sample_162	3.386144200000001	206.00004049999998	0.0	1.0	1.0	1.0	1.0	0.0	0.0	1.0	1.0	0.0	0.0	0.0
metaphlan3	sample_163	3.0526507000000005	221.00002030000002	0.0	1.0	1.0	1.0	1.0	0.0	0.0	1.0	1.0	0.0	0.0	0.0
metaphlan3	sample_154	3.0908106999999996	217.00002029999996	0.0	1.0	1.0	1.0	1.0	0.0	0.0	1.0	1.0	0.0	0.0	0.0
metaphlan4	sample_39	2.484312900000004	220.99999069999996	0.0	1.0	1.0	1.0	1.0	0.0	0.0	1.0	1.0	0.0	0.0	0.0
metaphlan4	sample_38	2.4704640000000038	234.9999939	0.0	1.0	1.0	1.0	1.0	0.0	0.0	1.0	1.0	0.0	0.0	0.0
metaphlan4	sample_37	2.3877042000000004	224.99999340000002	0.0	1.0	1.0	1.0	1.0	0.0	0.0	1.0	1.0	0.0	0.0	0.0
metaphlan4	sample_32	2.209922600000001	227.9999837999999	0.0	1.0	1.0	1.0	1.0	0.0	0.0	1.0	1.0	0.0	0.0	0.0
metaphlan4	sample_35	2.4742219999999993	230.99998719999994	0.0	1.0	1.0	1.0	1.0	0.0	0.0	1.0	1.0	0.0	0.0	0.0
metaphlan4	sample_34	2.332083799999999	237.9999741	0.0	1.0	1.0	1.0	1.0	0.0	0.0	1.0	1.0	0.0	0.0	0.0
metaphlan4	sample_33	2.4851805999999987	246.99999829999996	0.0	1.0	1.0	1.0	1.0	0.0	0.0	1.0	1.0	0.0	0.0	0.0
metaphlan4	sample_4	2.615442899999999	246.99999509999998	0.0	1.0	1.0	1.0	1.0	0.0	0.0	1.0	1.0	0.0	0.0	0.0
metaphlan4	sample_36	2.4115436999999993	211.99999569999994	0.0	1.0	1.0	1.0	1.0	0.0	0.0	1.0	1.0	0.0	0.0	0.0
metaphlan4	sample_40	2.2749205	209.99998689999998	0.0	1.0	1.0	1.0	1.0	0.0	0.0	1.0	1.0	0.0	0.0	0.0
metaphlan4	sample_45	2.2886115000000014	227.99998889999998	0.0	1.0	1.0	1.0	1.0	0.0	0.0	1.0	1.0	0.0	0.0	0.0
metaphlan4	sample_42	2.4131179	216.9999861	0.0	1.0	1.0	1.0	1.0	0.0	0.0	1.0	1.0	0.0	0.0	0.0
metaphlan4	sample_43	2.4219666000000015	250.99998879999998	0.0	1.0	1.0	1.0	1.0	0.0	0.0	1.0	1.0	0.0	0.0	0.0
metaphlan4	sample_44	2.4528863999999997	214.99999139999994	0.0	1.0	1.0	1.0	1.0	0.0	0.0	1.0	1.0	0.0	0.0	0.0
metaphlan4	sample_46	2.5050046	222.99998409999998	0.0	1.0	1.0	1.0	1.0	0.0	0.0	1.0	1.0	0.0	0.0	0.0
metaphlan4	sample_47	2.5587734000000038	220.999978	0.0	1.0	1.0	1.0	1.0	0.0	0.0	1.0	1.0	0.0	0.0	0.0
metaphlan4	sample_48	2.6843546000000003	249.9999980999999	0.0	1.0	1.0	1.0	1.0	0.0	0.0	1.0	1.0	0.0	0.0	0.0
metaphlan4	sample_49	2.4938519999999977	234.99999069999993	0.0	1.0	1.0	1.0	1.0	0.0	0.0	1.0	1.0	0.0	0.0	0.0
metaphlan4	sample_5	2.5498974999999993	209.99999110000002	0.0	1.0	1.0	1.0	1.0	0.0	0.0	1.0	1.0	0.0	0.0	0.0
metaphlan4	sample_50	2.4095562999999984	213.99998469999997	0.0	1.0	1.0	1.0	1.0	0.0	0.0	1.0	1.0	0.0	0.0	0.0
metaphlan4	sample_41	2.3614456999999986	211.99998569999994	0.0	1.0	1.0	1.0	1.0	0.0	0.0	1.0	1.0	0.0	0.0	0.0
metaphlan4	sample_31	2.4924177	229.99998599999992	0.0	1.0	1.0	1.0	1.0	0.0	0.0	1.0	1.0	0.0	0.0	0.0
metaphlan4	sample_19	2.1669188	251.99999329999994	0.0	1.0	1.0	1.0	1.0	0.0	0.0	1.0	1.0	0.0	0.0	0.0
metaphlan4	sample_3	2.645141699999998	228.9999911	0.0	1.0	1.0	1.0	1.0	0.0	0.0	1.0	1.0	0.0	0.0	0.0
metaphlan4	sample_51	2.1376428000000027	233.999978	0.0	1.0	1.0	1.0	1.0	0.0	0.0	1.0	1.0	0.0	0.0	0.0
metaphlan4	sample_190	2.6221502999999995	220.99998759999997	0.0	1.0	1.0	1.0	1.0	0.0	0.0	1.0	1.0	0.0	0.0	0.0
metaphlan4	sample_191	2.4439384999999993	210.99997159999998	0.0	1.0	1.0	1.0	1.0	0.0	0.0	1.0	1.0	0.0	0.0	0.0
metaphlan4	sample_192	2.702275299999998	263.9999805	0.0	1.0	1.0	1.0	1.0	0.0	0.0	1.0	1.0	0.0	0.0	0.0
metaphlan4	sample_193	2.592745200000003	194.99999099999997	0.0	1.0	1.0	1.0	1.0	0.0	0.0	1.0	1.0	0.0	0.0	0.0
metaphlan4	sample_194	2.3958754000000004	249.99999629999996	0.0	1.0	1.0	1.0	1.0	0.0	0.0	1.0	1.0	0.0	0.0	0.0
metaphlan4	sample_195	2.5863338999999987	205.9999931	0.0	1.0	1.0	1.0	1.0	0.0	0.0	1.0	1.0	0.0	0.0	0.0
metaphlan4	sample_196	2.218799900000003	210.99998329999994	0.0	1.0	1.0	1.0	1.0	0.0	0.0	1.0	1.0	0.0	0.0	0.0
metaphlan4	sample_197	2.3533681999999994	249.99998100000005	0.0	1.0	1.0	1.0	1.0	0.0	0.0	1.0	1.0	0.0	0.0	0.0
metaphlan4	sample_198	2.4534509	233.99998889999998	0.0	1.0	1.0	1.0	1.0	0.0	0.0	1.0	1.0	0.0	0.0	0.0
metaphlan4	sample_30	2.5495815999999993	233.99998909999994	0.0	1.0	1.0	1.0	1.0	0.0	0.0	1.0	1.0	0.0	0.0	0.0
metaphlan4	sample_199	2.4540511999999968	234.9999972	0.0	1.0	1.0	1.0	1.0	0.0	0.0	1.0	1.0	0.0	0.0	0.0
metaphlan4	sample_20	2.5756736	214.99998240000002	0.0	1.0	1.0	1.0	1.0	0.0	0.0	1.0	1.0	0.0	0.0	0.0
metaphlan4	sample_21	2.2901079999999987	216.99999539999993	0.0	1.0	1.0	1.0	1.0	0.0	0.0	1.0	1.0	0.0	0.0	0.0
metaphlan4	sample_22	2.3374506999999998	202.9999847	0.0	1.0	1.0	1.0	1.0	0.0	0.0	1.0	1.0	0.0	0.0	0.0
metaphlan4	sample_23	2.2704193000000004	210.99998180000006	0.0	1.0	1.0	1.0	1.0	0.0	0.0	1.0	1.0	0.0	0.0	0.0
metaphlan4	sample_24	2.2297797	201.9999932	0.0	1.0	1.0	1.0	1.0	0.0	0.0	1.0	1.0	0.0	0.0	0.0
metaphlan4	sample_25	2.5042031000000025	212.9999875	0.0	1.0	1.0	1.0	1.0	0.0	0.0	1.0	1.0	0.0	0.0	0.0
metaphlan4	sample_26	2.5021592000000004	228.99999539999996	0.0	1.0	1.0	1.0	1.0	0.0	0.0	1.0	1.0	0.0	0.0	0.0
metaphlan4	sample_27	2.5844801999999985	242.99997659999997	0.0	1.0	1.0	1.0	1.0	0.0	0.0	1.0	1.0	0.0	0.0	0.0
metaphlan4	sample_28	2.534004700000001	236.99998209999998	0.0	1.0	1.0	1.0	1.0	0.0	0.0	1.0	1.0	0.0	0.0	0.0
metaphlan4	sample_29	2.1877603000000017	256.99997540000004	0.0	1.0	1.0	1.0	1.0	0.0	0.0	1.0	1.0	0.0	0.0	0.0
metaphlan4	sample_2	2.695636299999998	258.99998789999995	0.0	1.0	1.0	1.0	1.0	0.0	0.0	1.0	1.0	0.0	0.0	0.0
metaphlan4	sample_52	2.3733992999999987	216.9999846999999	0.0	1.0	1.0	1.0	1.0	0.0	0.0	1.0	1.0	0.0	0.0	0.0
metaphlan4	sample_75	2.3698896999999994	220.99998449999998	0.0	1.0	1.0	1.0	1.0	0.0	0.0	1.0	1.0	0.0	0.0	0.0
metaphlan4	sample_54	2.685511800000001	216.99998599999998	0.0	1.0	1.0	1.0	1.0	0.0	0.0	1.0	1.0	0.0	0.0	0.0
metaphlan4	sample_8	2.269010900000001	213.99997589999995	0.0	1.0	1.0	1.0	1.0	0.0	0.0	1.0	1.0	0.0	0.0	0.0
metaphlan4	sample_80	2.7534579000000003	248.99998779999996	0.0	1.0	1.0	1.0	1.0	0.0	0.0	1.0	1.0	0.0	0.0	0.0
metaphlan4	sample_81	2.464302200000002	215.9999891	0.0	1.0	1.0	1.0	1.0	0.0	0.0	1.0	1.0	0.0	0.0	0.0
metaphlan4	sample_82	2.5174859999999994	234.9999846	0.0	1.0	1.0	1.0	1.0	0.0	0.0	1.0	1.0	0.0	0.0	0.0
metaphlan4	sample_83	2.3770966000000002	219.99997429999993	0.0	1.0	1.0	1.0	1.0	0.0	0.0	1.0	1.0	0.0	0.0	0.0
metaphlan4	sample_84	2.4350623000000007	214.99997470000002	0.0	1.0	1.0	1.0	1.0	0.0	0.0	1.0	1.0	0.0	0.0	0.0
metaphlan4	sample_85	2.632170400000002	229.99998759999997	0.0	1.0	1.0	1.0	1.0	0.0	0.0	1.0	1.0	0.0	0.0	0.0
metaphlan4	sample_86	2.4506779999999995	212.99997599999998	0.0	1.0	1.0	1.0	1.0	0.0	0.0	1.0	1.0	0.0	0.0	0.0
metaphlan4	sample_87	2.760131599999999	237.99997719999993	0.0	1.0	1.0	1.0	1.0	0.0	0.0	1.0	1.0	0.0	0.0	0.0
metaphlan4	sample_88	2.4504777	240.9999748	0.0	1.0	1.0	1.0	1.0	0.0	0.0	1.0	1.0	0.0	0.0	0.0
metaphlan4	sample_89	2.432188300000003	214.99999619999994	0.0	1.0	1.0	1.0	1.0	0.0	0.0	1.0	1.0	0.0	0.0	0.0
metaphlan4	sample_9	2.332773900000003	199.9999959	0.0	1.0	1.0	1.0	1.0	0.0	0.0	1.0	1.0	0.0	0.0	0.0
metaphlan4	sample_90	2.635156600000001	222.99999949999994	0.0	1.0	1.0	1.0	1.0	0.0	0.0	1.0	1.0	0.0	0.0	0.0
metaphlan4	sample_91	2.6152282000000016	224.9999952	0.0	1.0	1.0	1.0	1.0	0.0	0.0	1.0	1.0	0.0	0.0	0.0
metaphlan4	sample_92	2.517981999999998	234.99998809999997	0.0	1.0	1.0	1.0	1.0	0.0	0.0	1.0	1.0	0.0	0.0	0.0
metaphlan4	sample_93	2.632171899999997	239.99997969999998	0.0	1.0	1.0	1.0	1.0	0.0	0.0	1.0	1.0	0.0	0.0	0.0
metaphlan4	sample_94	2.2976428999999987	210.99998899999997	0.0	1.0	1.0	1.0	1.0	0.0	0.0	1.0	1.0	0.0	0.0	0.0
metaphlan4	sample_95	2.4386651000000006	192.99998799999995	0.0	1.0	1.0	1.0	1.0	0.0	0.0	1.0	1.0	0.0	0.0	0.0
metaphlan4	sample_96	2.6832354999999994	195.9999875	0.0	1.0	1.0	1.0	1.0	0.0	0.0	1.0	1.0	0.0	0.0	0.0
metaphlan4	sample_97	2.4169248	206.99998899999994	0.0	1.0	1.0	1.0	1.0	0.0	0.0	1.0	1.0	0.0	0.0	0.0
metaphlan4	sample_189	2.505039900000001	227.99999209999996	0.0	1.0	1.0	1.0	1.0	0.0	0.0	1.0	1.0	0.0	0.0	0.0
metaphlan4	sample_79	2.4635497999999996	215.9999827	0.0	1.0	1.0	1.0	1.0	0.0	0.0	1.0	1.0	0.0	0.0	0.0
metaphlan4	sample_78	2.6261807000000044	233.99998899999997	0.0	1.0	1.0	1.0	1.0	0.0	0.0	1.0	1.0	0.0	0.0	0.0
metaphlan4	sample_77	2.4210382000000004	233.99997009999996	0.0	1.0	1.0	1.0	1.0	0.0	0.0	1.0	1.0	0.0	0.0	0.0
metaphlan4	sample_76	2.6157954000000028	234.99997659999997	0.0	1.0	1.0	1.0	1.0	0.0	0.0	1.0	1.0	0.0	0.0	0.0
metaphlan4	sample_55	2.3471175999999985	230.99997439999999	0.0	1.0	1.0	1.0	1.0	0.0	0.0	1.0	1.0	0.0	0.0	0.0
metaphlan4	sample_56	2.622408999999999	219.99998329999994	0.0	1.0	1.0	1.0	1.0	0.0	0.0	1.0	1.0	0.0	0.0	0.0
metaphlan4	sample_57	2.741852700000003	245.99999069999998	0.0	1.0	1.0	1.0	1.0	0.0	0.0	1.0	1.0	0.0	0.0	0.0
metaphlan4	sample_58	2.4116945000000016	224.00000189999997	0.0	1.0	1.0	1.0	1.0	0.0	0.0	1.0	1.0	0.0	0.0	0.0
metaphlan4	sample_59	2.6730458999999986	247.99998019999992	0.0	1.0	1.0	1.0	1.0	0.0	0.0	1.0	1.0	0.0	0.0	0.0
metaphlan4	sample_6	2.5495211999999987	228.99998829999993	0.0	1.0	1.0	1.0	1.0	0.0	0.0	1.0	1.0	0.0	0.0	0.0
metaphlan4	sample_60	2.352326200000001	212.99998589999996	0.0	1.0	1.0	1.0	1.0	0.0	0.0	1.0	1.0	0.0	0.0	0.0
metaphlan4	sample_61	2.3345616	220.99999129999995	0.0	1.0	1.0	1.0	1.0	0.0	0.0	1.0	1.0	0.0	0.0	0.0
metaphlan4	sample_62	2.5649474999999993	225.99998249999993	0.0	1.0	1.0	1.0	1.0	0.0	0.0	1.0	1.0	0.0	0.0	0.0
metaphlan4	sample_63	2.6922391000000014	262.99999049999997	0.0	1.0	1.0	1.0	1.0	0.0	0.0	1.0	1.0	0.0	0.0	0.0
metaphlan4	sample_53	2.2880062000000008	249.99997289999996	0.0	1.0	1.0	1.0	1.0	0.0	0.0	1.0	1.0	0.0	0.0	0.0
metaphlan4	sample_64	2.6202012999999993	233.99999459999998	0.0	1.0	1.0	1.0	1.0	0.0	0.0	1.0	1.0	0.0	0.0	0.0
metaphlan4	sample_66	2.494610900000001	234.9999822999999	0.0	1.0	1.0	1.0	1.0	0.0	0.0	1.0	1.0	0.0	0.0	0.0
metaphlan4	sample_67	2.7054127000000023	232.99996910000002	0.0	1.0	1.0	1.0	1.0	0.0	0.0	1.0	1.0	0.0	0.0	0.0
metaphlan4	sample_68	2.4639521999999987	221.9999836	0.0	1.0	1.0	1.0	1.0	0.0	0.0	1.0	1.0	0.0	0.0	0.0
metaphlan4	sample_69	2.494075100000002	240.99998079999995	0.0	1.0	1.0	1.0	1.0	0.0	0.0	1.0	1.0	0.0	0.0	0.0
metaphlan4	sample_7	2.4373585000000024	198.99998139999997	0.0	1.0	1.0	1.0	1.0	0.0	0.0	1.0	1.0	0.0	0.0	0.0
metaphlan4	sample_70	2.4498061999999985	238.99998769999993	0.0	1.0	1.0	1.0	1.0	0.0	0.0	1.0	1.0	0.0	0.0	0.0
metaphlan4	sample_71	2.3956656999999977	225.0000005	0.0	1.0	1.0	1.0	1.0	0.0	0.0	1.0	1.0	0.0	0.0	0.0
metaphlan4	sample_72	2.554046600000002	234.99997489999998	0.0	1.0	1.0	1.0	1.0	0.0	0.0	1.0	1.0	0.0	0.0	0.0
metaphlan4	sample_73	2.432711000000001	193.99999209999996	0.0	1.0	1.0	1.0	1.0	0.0	0.0	1.0	1.0	0.0	0.0	0.0
metaphlan4	sample_74	2.4220765000000033	210.9999841	0.0	1.0	1.0	1.0	1.0	0.0	0.0	1.0	1.0	0.0	0.0	0.0
metaphlan4	sample_65	2.5049713999999996	236.9999964	0.0	1.0	1.0	1.0	1.0	0.0	0.0	1.0	1.0	0.0	0.0	0.0
metaphlan4	sample_188	2.4303311	232.99999179999998	0.0	1.0	1.0	1.0	1.0	0.0	0.0	1.0	1.0	0.0	0.0	0.0
metaphlan4	sample_143	2.523625899999999	239.99998189999997	0.0	1.0	1.0	1.0	1.0	0.0	0.0	1.0	1.0	0.0	0.0	0.0
metaphlan4	sample_186	2.606763700000002	231.9999866	0.0	1.0	1.0	1.0	1.0	0.0	0.0	1.0	1.0	0.0	0.0	0.0
metaphlan4	sample_120	2.7319192000000005	262.9999882999999	0.0	1.0	1.0	1.0	1.0	0.0	0.0	1.0	1.0	0.0	0.0	0.0
metaphlan4	sample_121	2.2446316999999993	215.99998859999994	0.0	1.0	1.0	1.0	1.0	0.0	0.0	1.0	1.0	0.0	0.0	0.0
metaphlan4	sample_122	2.7144100000000004	234.99998769999996	0.0	1.0	1.0	1.0	1.0	0.0	0.0	1.0	1.0	0.0	0.0	0.0
metaphlan4	sample_123	2.366157800000003	246.99998240000002	0.0	1.0	1.0	1.0	1.0	0.0	0.0	1.0	1.0	0.0	0.0	0.0
metaphlan4	sample_124	2.598480300000001	239.00000229999995	0.0	1.0	1.0	1.0	1.0	0.0	0.0	1.0	1.0	0.0	0.0	0.0
metaphlan4	sample_125	2.2718528	219.9999848	0.0	1.0	1.0	1.0	1.0	0.0	0.0	1.0	1.0	0.0	0.0	0.0
metaphlan4	sample_126	2.3556973999999995	253.99999149999994	0.0	1.0	1.0	1.0	1.0	0.0	0.0	1.0	1.0	0.0	0.0	0.0
metaphlan4	sample_127	2.4177681999999994	227.99999349999996	0.0	1.0	1.0	1.0	1.0	0.0	0.0	1.0	1.0	0.0	0.0	0.0
metaphlan4	sample_128	2.418598500000001	200.99998939999995	0.0	1.0	1.0	1.0	1.0	0.0	0.0	1.0	1.0	0.0	0.0	0.0
metaphlan4	sample_129	2.075918499999999	244.99999769999994	0.0	1.0	1.0	1.0	1.0	0.0	0.0	1.0	1.0	0.0	0.0	0.0
metaphlan4	sample_13	2.803946700000002	219.99998269999995	0.0	1.0	1.0	1.0	1.0	0.0	0.0	1.0	1.0	0.0	0.0	0.0
metaphlan4	sample_130	2.496658699999999	211.99999759999997	0.0	1.0	1.0	1.0	1.0	0.0	0.0	1.0	1.0	0.0	0.0	0.0
metaphlan4	sample_131	2.2818897999999987	258.99998619999997	0.0	1.0	1.0	1.0	1.0	0.0	0.0	1.0	1.0	0.0	0.0	0.0
metaphlan4	sample_132	2.5417076000000005	259.9999845	0.0	1.0	1.0	1.0	1.0	0.0	0.0	1.0	1.0	0.0	0.0	0.0
metaphlan4	sample_133	2.503818400000002	223.9999821	0.0	1.0	1.0	1.0	1.0	0.0	0.0	1.0	1.0	0.0	0.0	0.0
metaphlan4	sample_134	2.5090546	242.0000048999999	0.0	1.0	1.0	1.0	1.0	0.0	0.0	1.0	1.0	0.0	0.0	0.0
metaphlan4	sample_135	2.4186457999999997	239.99998519999997	0.0	1.0	1.0	1.0	1.0	0.0	0.0	1.0	1.0	0.0	0.0	0.0
metaphlan4	sample_136	2.3150351999999965	228.99999559999995	0.0	1.0	1.0	1.0	1.0	0.0	0.0	1.0	1.0	0.0	0.0	0.0
metaphlan4	sample_137	2.6980740000000027	220.99998570000002	0.0	1.0	1.0	1.0	1.0	0.0	0.0	1.0	1.0	0.0	0.0	0.0
metaphlan4	sample_138	2.6901658999999984	252.99997979999986	0.0	1.0	1.0	1.0	1.0	0.0	0.0	1.0	1.0	0.0	0.0	0.0
metaphlan4	sample_139	2.7365730999999998	224.9999864	0.0	1.0	1.0	1.0	1.0	0.0	0.0	1.0	1.0	0.0	0.0	0.0
metaphlan4	sample_12	2.3563514999999966	226.00000049999994	0.0	1.0	1.0	1.0	1.0	0.0	0.0	1.0	1.0	0.0	0.0	0.0
metaphlan4	sample_14	2.4262649000000005	214.99999019999993	0.0	1.0	1.0	1.0	1.0	0.0	0.0	1.0	1.0	0.0	0.0	0.0
metaphlan4	sample_119	2.6822882	217.99998809999994	0.0	1.0	1.0	1.0	1.0	0.0	0.0	1.0	1.0	0.0	0.0	0.0
metaphlan4	sample_117	2.610226700000001	230.99998789999995	0.0	1.0	1.0	1.0	1.0	0.0	0.0	1.0	1.0	0.0	0.0	0.0
metaphlan4	sample_0	2.3711685999999976	193.99998390000002	0.0	1.0	1.0	1.0	1.0	0.0	0.0	1.0	1.0	0.0	0.0	0.0
metaphlan4	sample_1	2.3804601000000045	258.99999329999997	0.0	1.0	1.0	1.0	1.0	0.0	0.0	1.0	1.0	0.0	0.0	0.0
metaphlan4	sample_10	2.307417100000002	227.99998849999997	0.0	1.0	1.0	1.0	1.0	0.0	0.0	1.0	1.0	0.0	0.0	0.0
metaphlan4	sample_100	2.4509867	211.99997839999997	0.0	1.0	1.0	1.0	1.0	0.0	0.0	1.0	1.0	0.0	0.0	0.0
metaphlan4	sample_101	2.4404488000000018	247.99997199999993	0.0	1.0	1.0	1.0	1.0	0.0	0.0	1.0	1.0	0.0	0.0	0.0
metaphlan4	sample_102	2.3014287000000024	235.99999269999998	0.0	1.0	1.0	1.0	1.0	0.0	0.0	1.0	1.0	0.0	0.0	0.0
metaphlan4	sample_103	2.6575662000000033	249.99998339999996	0.0	1.0	1.0	1.0	1.0	0.0	0.0	1.0	1.0	0.0	0.0	0.0
metaphlan4	sample_104	2.741374100000001	228.99997290000002	0.0	1.0	1.0	1.0	1.0	0.0	0.0	1.0	1.0	0.0	0.0	0.0
metaphlan4	sample_105	2.5734972999999988	247.99998909999994	0.0	1.0	1.0	1.0	1.0	0.0	0.0	1.0	1.0	0.0	0.0	0.0
metaphlan4	sample_106	2.187912799999998	244.99998019999998	0.0	1.0	1.0	1.0	1.0	0.0	0.0	1.0	1.0	0.0	0.0	0.0
metaphlan4	sample_107	2.4764850999999997	236.9999995	0.0	1.0	1.0	1.0	1.0	0.0	0.0	1.0	1.0	0.0	0.0	0.0
metaphlan4	sample_108	2.339753	253.99999529999997	0.0	1.0	1.0	1.0	1.0	0.0	0.0	1.0	1.0	0.0	0.0	0.0
metaphlan4	sample_109	2.321455399999999	208.99998879999998	0.0	1.0	1.0	1.0	1.0	0.0	0.0	1.0	1.0	0.0	0.0	0.0
metaphlan4	sample_11	2.640664400000002	253.9999880999999	0.0	1.0	1.0	1.0	1.0	0.0	0.0	1.0	1.0	0.0	0.0	0.0
metaphlan4	sample_110	2.280606400000001	217.99999339999994	0.0	1.0	1.0	1.0	1.0	0.0	0.0	1.0	1.0	0.0	0.0	0.0
metaphlan4	sample_111	2.4469873000000013	202.99998499999998	0.0	1.0	1.0	1.0	1.0	0.0	0.0	1.0	1.0	0.0	0.0	0.0
metaphlan4	sample_112	2.634728100000002	259.99999099999997	0.0	1.0	1.0	1.0	1.0	0.0	0.0	1.0	1.0	0.0	0.0	0.0
metaphlan4	sample_113	2.4374988999999974	246.99996800000002	0.0	1.0	1.0	1.0	1.0	0.0	0.0	1.0	1.0	0.0	0.0	0.0
metaphlan4	sample_114	2.4253023000000007	244.9999994	0.0	1.0	1.0	1.0	1.0	0.0	0.0	1.0	1.0	0.0	0.0	0.0
metaphlan4	sample_115	2.2071123	239.99997409999995	0.0	1.0	1.0	1.0	1.0	0.0	0.0	1.0	1.0	0.0	0.0	0.0
metaphlan4	sample_116	2.4783322000000005	231.99998119999992	0.0	1.0	1.0	1.0	1.0	0.0	0.0	1.0	1.0	0.0	0.0	0.0
metaphlan4	sample_118	2.651857300000003	224.9999873	0.0	1.0	1.0	1.0	1.0	0.0	0.0	1.0	1.0	0.0	0.0	0.0
metaphlan4	sample_140	2.5428060999999995	202.99997740000003	0.0	1.0	1.0	1.0	1.0	0.0	0.0	1.0	1.0	0.0	0.0	0.0
metaphlan4	sample_141	2.559347800000004	228.99997349999998	0.0	1.0	1.0	1.0	1.0	0.0	0.0	1.0	1.0	0.0	0.0	0.0
metaphlan4	sample_142	2.3029887000000016	213.99998699999998	0.0	1.0	1.0	1.0	1.0	0.0	0.0	1.0	1.0	0.0	0.0	0.0
metaphlan4	sample_167	2.135587	227.99999259999996	0.0	1.0	1.0	1.0	1.0	0.0	0.0	1.0	1.0	0.0	0.0	0.0
metaphlan4	sample_168	2.3159511000000013	245.99998669999994	0.0	1.0	1.0	1.0	1.0	0.0	0.0	1.0	1.0	0.0	0.0	0.0
metaphlan4	sample_169	2.5707689	255.9999906	0.0	1.0	1.0	1.0	1.0	0.0	0.0	1.0	1.0	0.0	0.0	0.0
metaphlan4	sample_17	2.7429611	222.99999029999995	0.0	1.0	1.0	1.0	1.0	0.0	0.0	1.0	1.0	0.0	0.0	0.0
metaphlan4	sample_170	2.5433885000000016	214.99999029999987	0.0	1.0	1.0	1.0	1.0	0.0	0.0	1.0	1.0	0.0	0.0	0.0
metaphlan4	sample_171	2.3354754000000018	238.99998599999995	0.0	1.0	1.0	1.0	1.0	0.0	0.0	1.0	1.0	0.0	0.0	0.0
metaphlan4	sample_172	2.5797592000000003	224.99998439999996	0.0	1.0	1.0	1.0	1.0	0.0	0.0	1.0	1.0	0.0	0.0	0.0
metaphlan4	sample_173	2.365387700000001	183.9999857	0.0	1.0	1.0	1.0	1.0	0.0	0.0	1.0	1.0	0.0	0.0	0.0
metaphlan4	sample_174	2.2366159000000025	264.99998769999996	0.0	1.0	1.0	1.0	1.0	0.0	0.0	1.0	1.0	0.0	0.0	0.0
metaphlan4	sample_175	2.5449577999999984	223.9999866	0.0	1.0	1.0	1.0	1.0	0.0	0.0	1.0	1.0	0.0	0.0	0.0
metaphlan4	sample_176	2.313066900000002	234.9999732	0.0	1.0	1.0	1.0	1.0	0.0	0.0	1.0	1.0	0.0	0.0	0.0
metaphlan4	sample_177	2.4638771	221.99999799999995	0.0	1.0	1.0	1.0	1.0	0.0	0.0	1.0	1.0	0.0	0.0	0.0
metaphlan4	sample_178	2.5496980000000007	235.9999742	0.0	1.0	1.0	1.0	1.0	0.0	0.0	1.0	1.0	0.0	0.0	0.0
metaphlan4	sample_179	2.421126200000001	219.9999863	0.0	1.0	1.0	1.0	1.0	0.0	0.0	1.0	1.0	0.0	0.0	0.0
metaphlan4	sample_18	2.177436299999999	225.9999868	0.0	1.0	1.0	1.0	1.0	0.0	0.0	1.0	1.0	0.0	0.0	0.0
metaphlan4	sample_180	2.3486872	216.9999894999999	0.0	1.0	1.0	1.0	1.0	0.0	0.0	1.0	1.0	0.0	0.0	0.0
metaphlan4	sample_181	2.6611485000000035	256.99998339999996	0.0	1.0	1.0	1.0	1.0	0.0	0.0	1.0	1.0	0.0	0.0	0.0
metaphlan4	sample_182	2.2227323000000014	232.9999836	0.0	1.0	1.0	1.0	1.0	0.0	0.0	1.0	1.0	0.0	0.0	0.0
metaphlan4	sample_183	2.331345900000001	243.00000099999994	0.0	1.0	1.0	1.0	1.0	0.0	0.0	1.0	1.0	0.0	0.0	0.0
metaphlan4	sample_184	2.241551200000002	214.99999739999996	0.0	1.0	1.0	1.0	1.0	0.0	0.0	1.0	1.0	0.0	0.0	0.0
metaphlan4	sample_185	2.5419925000000005	234.99997980000006	0.0	1.0	1.0	1.0	1.0	0.0	0.0	1.0	1.0	0.0	0.0	0.0
metaphlan4	sample_166	2.719923100000001	250.99998079999995	0.0	1.0	1.0	1.0	1.0	0.0	0.0	1.0	1.0	0.0	0.0	0.0
metaphlan4	sample_165	2.3718261000000025	229.9999732	0.0	1.0	1.0	1.0	1.0	0.0	0.0	1.0	1.0	0.0	0.0	0.0
metaphlan4	sample_164	2.580994200000003	236.99998359999995	0.0	1.0	1.0	1.0	1.0	0.0	0.0	1.0	1.0	0.0	0.0	0.0
metaphlan4	sample_163	2.401260500000001	223.99999139999997	0.0	1.0	1.0	1.0	1.0	0.0	0.0	1.0	1.0	0.0	0.0	0.0
metaphlan4	sample_98	2.5949176	210.9999925	0.0	1.0	1.0	1.0	1.0	0.0	0.0	1.0	1.0	0.0	0.0	0.0
metaphlan4	sample_144	2.4785617999999987	228.99997769999996	0.0	1.0	1.0	1.0	1.0	0.0	0.0	1.0	1.0	0.0	0.0	0.0
metaphlan4	sample_145	2.6907829000000025	259.9999909999999	0.0	1.0	1.0	1.0	1.0	0.0	0.0	1.0	1.0	0.0	0.0	0.0
metaphlan4	sample_146	2.4760875999999987	213.9999914999999	0.0	1.0	1.0	1.0	1.0	0.0	0.0	1.0	1.0	0.0	0.0	0.0
metaphlan4	sample_147	2.359638300000001	203.99998869999996	0.0	1.0	1.0	1.0	1.0	0.0	0.0	1.0	1.0	0.0	0.0	0.0
metaphlan4	sample_148	2.5011795999999995	222.99997879999995	0.0	1.0	1.0	1.0	1.0	0.0	0.0	1.0	1.0	0.0	0.0	0.0
metaphlan4	sample_149	2.6272386000000014	240.99997649999995	0.0	1.0	1.0	1.0	1.0	0.0	0.0	1.0	1.0	0.0	0.0	0.0
metaphlan4	sample_15	2.4021951	222.99999329999994	0.0	1.0	1.0	1.0	1.0	0.0	0.0	1.0	1.0	0.0	0.0	0.0
metaphlan4	sample_150	2.4895208000000006	238.99999819999996	0.0	1.0	1.0	1.0	1.0	0.0	0.0	1.0	1.0	0.0	0.0	0.0
metaphlan4	sample_151	2.4279088999999985	251.99999709999997	0.0	1.0	1.0	1.0	1.0	0.0	0.0	1.0	1.0	0.0	0.0	0.0
metaphlan4	sample_187	2.7163007	219.99998309999998	0.0	1.0	1.0	1.0	1.0	0.0	0.0	1.0	1.0	0.0	0.0	0.0
metaphlan4	sample_152	2.7470048000000005	241.99999869999988	0.0	1.0	1.0	1.0	1.0	0.0	0.0	1.0	1.0	0.0	0.0	0.0
metaphlan4	sample_154	2.675018499999999	231.99999010000002	0.0	1.0	1.0	1.0	1.0	0.0	0.0	1.0	1.0	0.0	0.0	0.0
metaphlan4	sample_155	2.5499174999999976	231.99998080000003	0.0	1.0	1.0	1.0	1.0	0.0	0.0	1.0	1.0	0.0	0.0	0.0
metaphlan4	sample_156	2.2498763999999998	224.999976	0.0	1.0	1.0	1.0	1.0	0.0	0.0	1.0	1.0	0.0	0.0	0.0
metaphlan4	sample_157	2.5717718000000005	235.99999329999997	0.0	1.0	1.0	1.0	1.0	0.0	0.0	1.0	1.0	0.0	0.0	0.0
metaphlan4	sample_158	2.3655797999999972	250.99998969999993	0.0	1.0	1.0	1.0	1.0	0.0	0.0	1.0	1.0	0.0	0.0	0.0
metaphlan4	sample_159	2.6132235000000024	252.99997259999998	0.0	1.0	1.0	1.0	1.0	0.0	0.0	1.0	1.0	0.0	0.0	0.0
metaphlan4	sample_16	2.4486858000000016	238.9999733	0.0	1.0	1.0	1.0	1.0	0.0	0.0	1.0	1.0	0.0	0.0	0.0
metaphlan4	sample_160	2.463090200000002	203.9999822	0.0	1.0	1.0	1.0	1.0	0.0	0.0	1.0	1.0	0.0	0.0	0.0
metaphlan4	sample_161	2.617279000000001	245.99999279999997	0.0	1.0	1.0	1.0	1.0	0.0	0.0	1.0	1.0	0.0	0.0	0.0
metaphlan4	sample_162	2.602941199999998	244.99998429999997	0.0	1.0	1.0	1.0	1.0	0.0	0.0	1.0	1.0	0.0	0.0	0.0
metaphlan4	sample_153	2.344658	234.99999049999994	0.0	1.0	1.0	1.0	1.0	0.0	0.0	1.0	1.0	0.0	0.0	0.0
metaphlan4	sample_99	2.242194700000002	232.99996079999994	0.0	1.0	1.0	1.0	1.0	0.0	0.0	1.0	1.0	0.0	0.0	0.0
